f1,f2,f3,f4,f5,label
0.3701798367036425,0.7060857246881318,0.971990171375641,0.8336123277510663,0.5842461151260064,1
0.5718528931897008,0.1062778533377801,0.9962616648447444,0.6663210918691947,0.7590951227500448,1
0.4631582751991159,0.9845410459639417,0.9481160026669002,0.191991381757006,0.7812324683298337,1
0.0766336886611007,0.7951390353580654,0.6287449997117521,0.3939427676342962,0.3059546967078809,1
0.8056451465168145,0.4352429228850235,0.6954685046089171,0.3732867492087697,0.140968533283039,1
0.1321199743160241,0.6271055612083989,0.5767876671355409,0.4200658261772086,0.4909512468363417,0
0.8310158114853717,0.4184180579626558,0.006082129244474,0.1636950171935346,0.6241795401282078,0
0.2140938117157765,0.5449106784967911,0.4803832614497778,0.4676113391096412,0.8495992848906131,0
0.1845901464421721,0.4386804885188451,0.2890772488520746,0.9049483420787195,0.4703983448867747,0
0.3770608424054381,0.4408470548135933,0.6320520096269636,0.1378222847599813,0.3972135837013678,1
0.6044059885199201,0.1276204161458166,0.5949599665041772,0.3575474482345104,0.0008406863330561,0
0.656541717428386,0.833868763340436,0.3659075454718959,0.6744309080920055,0.7381125722530725,1
0.9617503171364338,0.1057403802249599,0.6623962236978593,0.0676065645728682,0.1742768418491709,1
0.9217094837846188,0.5782425368797376,0.7746678540279203,0.2244205858369949,0.1121955585234537,1
0.4652669681770874,0.032968835979004,0.7385067346266133,0.6043103716487641,0.7150333008389179,1
0.6936520424024204,0.3203736008852501,0.4625969491325757,0.1659807609002103,0.5818693157083593,1
0.1986378205647203,0.1318578273248685,0.5730641028306487,0.8119381765037303,0.3986493714140077,0
0.6464693282954219,0.3474621694512834,0.0854935160122984,0.589066180059164,0.547133833667296,0
0.1678510831505604,0.3154966838531077,0.6329477937311763,0.2404568309104179,0.0356243842684883,0
0.9636047162949464,0.1960843765459763,0.6176190600437871,0.9701903880452992,0.6372502991331709,1
0.9877583770186544,0.4135139624421258,0.044362289972627,0.4838541518225284,0.8192004476654299,1
0.4498948489467256,0.1551947836633921,0.6303708449431468,0.1185407735880031,0.995640576374996,0
0.2526714169631632,0.403380025288918,0.0280287359341441,0.7522510790592816,0.0740149828372688,0
0.7263074436288671,0.7257168502552216,0.2102904856655499,0.8536229045668182,0.0982088431861705,0
0.5381408277585761,0.6084507460388117,0.4776442319609669,0.0331089786592327,0.1132476672487605,1
0.14572078113634,0.2026800917322995,0.5484754691039365,0.1146792591854505,0.8955455570683118,0
0.9872611710183268,0.3047675846554866,0.496461566124876,0.6708833536476276,0.0496307183256788,1
0.7864430264256511,0.3569091218114677,0.2102657807384044,0.7591699800551752,0.2857287009521098,0
0.2345043417121205,0.0105829245082841,0.4617847275112202,0.923912534443416,0.7783970156161144,0
0.7218528725579885,0.4038814311985604,0.2953332718713578,0.9995495098227376,0.4253522150278737,0
0.2462528796266654,0.1586543489863657,0.1528912301821342,0.7851425040426032,0.4816492104657486,0
0.3701118460220972,0.4533418698933754,0.1368281313361561,0.7532088643440131,0.9677277789173734,0
0.9728626710458927,0.8370540754263236,0.0657004246364856,0.2672401982997822,0.7326090581807186,1
0.9766317127461384,0.7797432046999363,0.803631044846346,0.7992731103613646,0.3571766878801155,1
0.3296852470745577,0.0540235050833212,0.6327113780788387,0.2349216814261199,0.555691211105229,0
0.6057579971588262,0.5058792016686012,0.3285295975279406,0.8229374300567958,0.913413379383845,0
0.2570951928704653,0.4653864978345332,0.7904445524062098,0.2355254720672698,0.406382334274906,1
0.700318667452592,0.2757899827998026,0.3057869985459431,0.287503398239453,0.9004240583955044,0
0.0880683889712552,0.3124343341925183,0.597518416326591,0.485213350925882,0.1056453059213833,0
0.0041577032263191,0.737914827840237,0.297520916749985,0.1952497728866532,0.2198693848539822,0
0.4684635288172494,0.812990537466607,0.7349202901916422,0.7208063034001828,0.2612628006590612,1
0.75046001792462,0.3021352015463164,0.560338330009642,0.9032507910310004,0.8472970527900515,1
0.7191331775983466,0.3055963265725054,0.1596762305406002,0.1799814595885169,0.4759184354176017,0
0.462397072262281,0.5517612246112091,0.9747554597427814,0.8242724528457102,0.6030502194059639,1
0.2071135756838485,0.3972760466084818,0.7858652041236454,0.3396134908015946,0.8439370188768942,1
0.1700538553439833,0.3246483803629824,0.498946419390907,0.5182555386355121,0.1349594716633793,0
0.528931835289693,0.5557940564642412,0.3057657020397009,0.5802901720011966,0.9220844644329598,1
0.2797311220875008,0.1035776232370294,0.4730265452378263,0.9353871369161308,0.7351374571072935,0
0.4051670554519387,0.3895371118505637,0.2710757380948865,0.8026233617085999,0.2593098539756767,0
0.5761763410704291,0.0468746324918555,0.7462427823208563,0.6045390554429135,0.1041331507122628,1
0.7655014438325389,0.1674912006638849,0.4593376875790106,0.6532134626350944,0.210017268783308,0
0.6944239793955761,0.2894695752995763,0.7420957398166593,0.8349149554207252,0.4285309203410169,1
0.9152580180066524,0.9381123648213756,0.8061124385204235,0.9163586995956188,0.3022662299649296,1
0.9825128928615215,0.6841782821623033,0.6414614056552087,0.2416752556609263,0.5673868040654524,1
0.8742821195610075,0.0613733477668627,0.7336059856114007,0.9613539852067516,0.679348238530857,1
0.2314616090177245,0.5183498971818739,0.1623580686525361,0.8345027283347546,0.130488339022841,0
0.4204743046485453,0.1731917729917085,0.5773432341330054,0.120832680987009,0.6127340048096555,0
0.9630744961153844,0.7672332455028795,0.9020329962765168,0.7082723439821529,0.562387371485876,1
0.1313849308525183,0.1387612600561084,0.3145537940099702,0.0454453160165233,0.6585102928574705,0
0.0209312240980482,0.132036129336583,0.4249517054451934,0.0563494070952269,0.0981605304016447,0
0.9229431263175872,0.2623716069931073,0.0269733917384144,0.6714122922490435,0.7023337248981829,0
0.1486510198472431,0.6791707047862792,0.7844231931788564,0.5473120893594254,0.7583301564861086,0
0.5188501601799154,0.219756577440901,0.6514485676668998,0.0804946857751084,0.8509935119787011,1
0.100752645966102,0.3086663101193077,0.5792613480417188,0.796342637244541,0.039500534907526,0
0.560683802319514,0.7591700625879745,0.5183499799778988,0.9888155217599298,0.770273185610239,1
0.0075008774889944,0.2094404342687408,0.5512395977373606,0.2514959125562336,0.1158823122491191,0
0.7727233119198974,0.1279181248736149,0.1407253571981693,0.4138448037074931,0.6074604088633436,0
0.7901224048963087,0.3901890915290334,0.8443508738934895,0.4844387913188274,0.0510237488850621,1
0.0903783723369092,0.8252211240343172,0.0630005469421579,0.3237611183612755,0.9886438641404588,0
0.1798550327741471,0.1454725012531998,0.928003020798387,0.7935928557634293,0.1936558631145107,0
0.219991124167756,0.2227013611594513,0.2351954906295514,0.0692086570894485,0.2317042329096176,0
0.7014582990282295,0.7652416081335581,0.3140364605054965,0.4632685166293837,0.0982016480267143,1
0.8139730602740269,0.0943211905711058,0.6217894185590515,0.1586039242975032,0.0781795137731666,0
0.0779007350036481,0.0157524438292802,0.8909409072769116,0.3216586174584764,0.23291928770148,0
0.8559350689218379,0.7526672280136266,0.52173252015897,0.7088694455004875,0.6222513621897017,1
0.858635239925808,0.3569049939697574,0.0375974471861396,0.3398060524710383,0.9646921560198876,0
0.6776122132182629,0.6401102341529974,0.5401480692911204,0.9319009788700556,0.5244262497579323,1
0.6686224365994834,0.3060774193189415,0.926780585899736,0.0745270895899029,0.9695533259531474,1
0.2956751873298037,0.0582041164555384,0.1673450538782008,0.1656040687297186,0.3202681283704754,0
0.1193623850186608,0.8831648520319978,0.9682324978552423,0.0623301194307491,0.5213288850667138,1
0.8074676367924591,0.9039429044896792,0.7515975960677875,0.536486638046678,0.3906023914736544,1
0.1638483566734127,0.7624131338418263,0.990300964873574,0.6271676610619995,0.0981106270086863,1
0.7078445696791459,0.5023236547081774,0.3333997355747554,0.9839746643582018,0.7956527627068827,1
0.4239364517963253,0.6389118844267101,0.3144078127250124,0.4968241653454582,0.8905166836465657,0
0.1227449639904719,0.7364262467147153,0.5630270031738672,0.9746344368402632,0.976718168641219,0
0.8801348800315156,0.721186778650741,0.894438142313018,0.797553365140464,0.7943928586517528,1
0.7514771338364505,0.6170649174216696,0.9417936225720746,0.1382319421541027,0.7665234054797335,1
0.9425445199473488,0.6690426849139424,0.6733741656130557,0.8484973945841568,0.2445481837216445,1
0.1695771140164695,0.5554595657667887,0.9249048550540372,0.3388692711374717,0.3021275115527108,1
0.7497244592905175,0.9772353946256618,0.7991888492047757,0.3052422866678278,0.6960541434980675,1
0.1095012427892507,0.732962541043196,0.3643226653047243,0.6633397331838266,0.1769903383352286,0
0.2147547323629745,0.1710726815354801,0.949532401674771,0.9798457873389296,0.934672847140232,1
0.4649116295944911,0.1728428111580079,0.0088678665423523,0.5561853251509234,0.1532254339822385,0
0.94846273916224,0.6594815038132897,0.2824959074328651,0.9882797898058616,0.2786553137322025,1
0.854267102260276,0.486936085531898,0.0779387355671306,0.2877890429377708,0.264586200240814,0
0.2068097383241833,0.1669485502553033,0.8419879295793175,0.6037806904541246,0.9492307063619708,1
0.0455396315872975,0.5786493723478062,0.047158376994568,0.7862483473525578,0.6536756329058403,0
0.0255058427027881,0.2371484631822926,0.1808635560066999,0.6706233476532799,0.6577735411784476,0
0.9326168661758732,0.7694980865474482,0.2889015594373193,0.7556090438099027,0.8408658031843567,1
0.8131146128928098,0.2070787786900285,0.2317202222970202,0.3586587927296546,0.526867887923625,0
0.694714113685502,0.4250631707673323,0.4086849052541279,0.0117551120249442,0.0824359846805454,0
0.9559405220635236,0.6617023804746718,0.6435556666810548,0.1980415074915358,0.8024141352484301,1
0.967050501472548,0.4969713808892115,0.2859200674083483,0.7177463048590864,0.5347289225571735,1
0.81475617315671,0.9101774101999506,0.4744737622264712,0.9329169407803652,0.4571630845657342,1
0.162532792372568,0.3665513761952611,0.3731500224966961,0.8186995568015485,0.3091817989674703,0
0.9071016120226212,0.1929680516638345,0.6054799003752755,0.40500407540859,0.8468573635955049,1
0.0083499926146052,0.6160843426609731,0.7883891221565622,0.5408976767402903,0.9820514961113678,0
0.7289964144223775,0.0961562222458105,0.9188593419650802,0.9560310578422004,0.7664632421988279,1
0.2154290259030369,0.1297057518974199,0.3937965052645642,0.8492602445128339,0.948716326470466,0
0.3384106345094377,0.5333345363925402,0.0085829860883872,0.5669171002289408,0.1563732614148528,0
0.6564374830031204,0.6746752107571663,0.1869312821656841,0.5235199986370481,0.2928713454861079,1
0.8530917996450283,0.4355107310337469,0.1646310290483043,0.3187655699506689,0.8625058480897305,0
0.1393295636712705,0.1380639331874273,0.8970359073451106,0.927994833182207,0.6618269723099366,0
0.8422158582726518,0.944270810235541,0.7357676417703087,0.968821693129746,0.3685631284672959,1
0.6678190223580714,0.640961492433814,0.6523120685608923,0.2767261571400745,0.0108866868437623,1
0.0163509414958723,0.1018058881087332,0.8778141934005644,0.7096979914788676,0.5257437630169052,0
0.3497765232385665,0.0945891447290695,0.6343730240220037,0.9927679946468244,0.7605104889500308,1
0.3042428151984017,0.0341631808386848,0.9914711656054356,0.3984710417362089,0.043051970074139,1
0.3705733813944311,0.0126589465948119,0.6355022914508025,0.4793867818581483,0.6930731441726156,0
0.7020153389541028,0.734727528864487,0.3826020260096784,0.73199394666954,0.5730297141554577,1
0.0437278997857356,0.200801123777332,0.7431546528898475,0.442980720193825,0.9215681715905067,0
0.3652865106583125,0.3762849895015641,0.782750441504159,0.1733766862514412,0.9895121953719388,1
0.5864810598067763,0.23337719737281,0.9906318491688254,0.1103642017065733,0.4351062605978972,1
0.5378712332060644,0.7655925297633899,0.5207928577545486,0.4463981247917016,0.181659402708271,1
0.9187235432685392,0.6516545982703402,0.3705811402512013,0.9590101454904192,0.7829791834059574,1
0.4200142649800532,0.7635748298516982,0.9715635918293508,0.4945483669170379,0.6339717889175529,1
0.3242021569137715,0.0980347857591944,0.4819590891178071,0.6723552552352259,0.4094062230456496,0
0.6816380681819698,0.1600924859285755,0.9481129608542233,0.1006601808176849,0.3339392614586169,1
0.5814044498831705,0.0079834376125307,0.1915740352870872,0.582108764358312,0.6509202902545104,0
0.9994762657561502,0.4139822159067816,0.937485326527678,0.1624583512771785,0.0580196006404855,1
0.7684328321431395,0.8317256177821566,0.4103005118156037,0.5772144314332509,0.5742083966472701,1
0.3802812622090838,0.780848638764783,0.0428385610312656,0.7717784710685657,0.255401905289721,0
0.0799485280315436,0.606376685816211,0.5712684461331047,0.655365420781141,0.3060721598946996,0
0.1041575410899036,0.9774775490935084,0.2940519015710352,0.4781869058277077,0.7289062937139368,0
0.0882360252233656,0.412563207357972,0.6834035722787042,0.7180683836330437,0.3351811179417847,0
0.074821180193258,0.9018172607331209,0.2209645886141558,0.1717409336380575,0.4501574277886707,0
0.2650770746858417,0.9750504582069088,0.2774154060133497,0.1377484560902614,0.8972646864211286,0
0.5516068455954264,0.4075631590626369,0.7235407479680883,0.0048231073575017,0.6861656605134538,1
0.9681561762677218,0.9435624852576898,0.0402457569409794,0.5585903848568209,0.1576917680766175,1
0.9174484161072146,0.1706125877083784,0.7672435474910054,0.0020371428591329,0.4932769107807839,1
0.6405790518887219,0.8729385431266385,0.7366599688127267,0.7135074795469559,0.5179368741019039,1
0.6262910854609042,0.6786300394695213,0.9846392978287856,0.0672685684784359,0.0683002280014957,1
0.6188520653370271,0.2805097079599359,0.8182730664572966,0.1373111619117963,0.6387292585895811,1
0.4747862539348636,0.5428085807348568,0.1966786076801024,0.9722495709270588,0.2776541141292099,0
0.5319647837714858,0.833135940976971,0.7658940560790075,0.2515122388399532,0.7799508228422705,1
0.5821331640196575,0.0923364536372198,0.8907475660831486,0.6856205025025964,0.5374863202636403,1
0.9337727366501328,0.8381230657508516,0.5241301517504607,0.9663996630120256,0.6250142384586169,1
0.7472146180608957,0.6891430924905556,0.4266918520081101,0.493853789278055,0.8500991010407496,1
0.9463134215253968,0.5376273076362659,0.7659155327231866,0.985256693995701,0.5501506320604301,1
0.5071020304245735,0.0076952341743329,0.8821886183111511,0.5289744652174052,0.0617955644320402,0
0.0388234267581333,0.360194218742248,0.0278182819670742,0.8485185728334703,0.8604623953493804,0
0.4730254972349612,0.8506899846976486,0.7213693721217046,0.1642350931340694,0.70297462679321,1
0.0802203523908179,0.5998965244381836,0.2797899538038172,0.8638185082985073,0.6831161618783502,0
8.423278672631263e-05,0.091803954399622,0.5191988453527464,0.6561259356208677,0.2225214379229845,0
0.218804807413922,0.9677263643866412,0.2864396938847602,0.1041696787055587,0.6252395753484999,0
0.3343708649810293,0.8611257600789008,0.4889177096419105,0.1506694597701212,0.4503717665058745,1
0.8532617406007434,0.6470828028903179,0.962560009773064,0.3964207955402037,0.4528716445033611,1
0.4659959916118982,0.3294254804907388,0.2952797328958794,0.4512188429323656,0.7618888939414483,0
0.4859078935867417,0.0754781256536433,0.4863541361507391,0.3639042974538022,0.0280264451799578,0
0.6142724984515954,0.0516058009541626,0.7298821516555769,0.7234511849365547,0.0896910011388576,1
0.7847376213501136,0.0418149886662885,0.0308966502276094,0.7992492567820111,0.5203181004475955,0
0.7635043409596929,0.4311940632093127,0.0378449234077293,0.4838924632629701,0.9477971555967836,0
0.10431236235465,0.4836916498778658,0.8778133902742961,0.4567192501175227,0.4711277376732763,1
0.6213293923167011,0.5338114754976014,0.9987070612131018,0.847840779003185,0.0894419820137726,1
0.2335143893564488,0.9983946704492342,0.5254066884034557,0.8966671314254445,0.2720261558794289,1
0.91604023427999,0.5071108708799491,0.1199312916169286,0.9683976332376536,0.1568429513378875,1
0.5126441778628013,0.8014658817156475,0.3800182809364263,0.041676493362954,0.9773479752441948,1
0.9584770740272756,0.5384317630956459,0.0534369603164546,0.5899910722329057,0.9141471469365424,0
0.1605492246871789,0.1103763253892365,0.5887463507808554,0.5023586034463595,0.8404000141802827,0
0.0639536453490545,0.6229702147571223,0.0359322436556072,0.2686422274443564,0.5306307205241981,0
0.9262308955722384,0.160224604702622,0.7178890456036183,0.821360813474316,0.2837403818392919,1
0.6875572877186223,0.3732402463381666,0.1165678824975613,0.0204944097074437,0.0840156271069066,0
0.8892046676729919,0.2060018368370538,0.030096629119965,0.6703970458746802,0.0802510202758453,0
0.7633745470785062,0.9137051626599136,0.048822532978006,0.2006718204221461,0.7713883497255021,0
0.6369158248413084,0.4597790803734362,0.2157457505454842,0.9765616543038608,0.8029137306303356,1
0.1470844672124108,0.1003618970748796,0.8309454890354736,0.0995376317901786,0.0360471537231126,0
0.4409470037415149,0.3409532867868481,0.6658554018537579,0.1347281014796755,0.5607060811442506,1
0.8448366762758791,0.91162100464882,0.1093825421162663,0.0954354143804682,0.443792098084686,0
0.971865633895741,0.6907633067050534,0.7501702217494897,0.552331838471884,0.2868361167757823,1
0.9775259844580948,0.2905919825464464,0.8930681106946234,0.2840079206224144,0.5660242060015731,1
0.4490719965557188,0.7255611336375505,0.7169224363426279,0.6081036280625512,0.5722794972279482,1
0.440719881959301,0.8547085818924846,0.2075679939171859,0.7546687795575466,0.4680465415842967,0
0.9048864402979282,0.5678220187980193,0.8693540120000044,0.1866594787647554,0.6940792572101032,1
0.5001659072970801,0.5010796311387236,0.7560721986226302,0.3477733408362531,0.3446560402503142,1
0.1011797756143867,0.8874642664546869,0.9078075118149306,0.9862581500606464,0.7290560987450749,1
0.9826342965867052,0.3120763007883067,0.8309106173813924,0.0976324827192375,0.2890175110591185,1
0.4600380662865312,0.2696007727907368,0.6300877687691683,0.9267257145864968,0.1119469354929667,0
0.8497357217200254,0.5386016114455138,0.922145825560357,0.9963228341849244,0.0559958659422933,1
0.5105097136405291,0.3913386836361535,0.9723455019116972,0.5221543428472211,0.7546331001749188,1
0.4337759482136454,0.0787414010405717,0.5386558237104447,0.2750111023683946,0.4478045250032805,0
0.0731617463799141,0.0152940159292548,0.7377699859750719,0.5145665490662288,0.4689138223247139,0
0.0586486119456358,0.9940427065707768,0.6778519739175835,0.7760783277600181,0.9390409298883022,1
0.243360527671737,0.2205710620961094,0.5583373512572377,0.7226574668591081,0.8923703388398071,0
0.8886220683424608,0.0094553334540297,0.192188227931546,0.9479066693834504,0.4105944039002904,0
0.6403587601221314,0.5266694261290259,0.1864124303049116,0.1528829217682703,0.3976932987546357,0
0.0095504930589531,0.6700411967750087,0.3612537010296001,0.9767459480796498,0.1881216529151537,0
0.906271910355913,0.2335359687403236,0.1839360767337563,0.4913374505087473,0.1581532691697872,0
0.0693104876554773,0.7301514206146665,0.9820683825737722,0.8642639735147536,0.3876626523131362,1
0.3600378733349726,0.8388927389409309,0.9685872828448312,0.6377988889011155,0.7107209407732118,1
0.8388003445171793,0.8497607040158185,0.4748289769229127,0.2545174895100875,0.2544059579090498,1
0.3767640669391227,0.0143119524770356,0.8001669765402728,0.4224493737571433,0.9134602378627156,0
0.5753781127814804,0.9684699309260704,0.8950306571595115,0.3643834274533717,0.9364649110262744,1
0.5961739430801872,0.3700685858314404,0.807928802367738,0.139141646820941,0.9260836448989018,1
0.7646759809631076,0.7161757045602268,0.6532655514457212,0.4083727908334003,0.951348693469908,1
0.7656881474516296,0.7613580677820347,0.3497877496569975,0.4161537079341504,0.1154414946466068,1
0.5375317875225897,0.7261474574469586,0.9352524622292956,0.5998051830318216,0.8689246003915467,1
0.8772791882102261,0.2438834167428707,0.0810393569743527,0.0753800541955415,0.9147084891723168,0
0.9652985374612252,0.5066910523202097,0.7654848858371766,0.1324746863432688,0.1600768587078347,1
0.4260518831161137,0.423828715267834,0.9214764379823198,0.3997048842180845,0.2501646428843332,1
0.3256523264583391,0.7186785760679114,0.7009889678644654,0.2557099742068851,0.7559848506418916,1
0.0663671922635132,0.5269166850894477,0.2005969353596961,0.2601075465837019,0.4436521323566537,0
0.446844699069573,0.2988233599848047,0.993023914546092,0.4092867155243259,0.0648459134455452,1
0.925712586153805,0.6732391316495111,0.1309909660548095,0.2585659879185233,0.003430423044041,1
0.5706239914989788,0.3622750329663842,0.4914598206639569,0.8168897517602184,0.9463109575117452,0
0.7310865431867253,0.2670519854788605,0.6569186143974275,0.0950672626120702,0.432445588896914,1
0.4351448971971714,0.0038084674020903,0.4530799808876256,0.9861517198266204,0.4069650575512969,0
0.4994427844033828,0.1003593129041962,0.5296924330519588,0.7072407803998043,0.3088593274164573,0
0.2770304859134421,0.3750816779453376,0.7914738047479681,0.764919843349098,0.3704574972173337,1
0.2451982327334181,0.3636817030919387,0.0362049004332579,0.3170517379430507,0.7056851418580614,0
0.693108963092222,0.3887568906017354,0.982348366480045,0.3761785841445662,0.4189960527875972,1
0.9229136038663616,0.3633004347469526,0.0726636128622324,0.2852777620474589,0.0256236829064714,0
0.8107975559502884,0.8457965362781976,0.327152835773365,0.1583829037620768,0.3332325972850578,1
0.1712286021780704,0.5845403441775773,0.938099984009672,0.7124912569300839,0.2318525017187995,1
0.6414185859225886,0.9562584060725956,0.2980825109057768,0.200999008877122,0.8542883387481278,1
0.8780941552447122,0.3800107640349768,0.36299272266865,0.8556706959103602,0.7016123306044854,1
0.8314119710759227,0.378020068074625,0.9525516795519364,0.4682358835378457,0.7313559152346604,1
0.9352482782265172,0.2991394964477731,0.2182470213945414,0.3676055798256699,0.7101065538515986,0
0.577588420153164,0.8763070162034949,0.9005817801986125,0.0718247638475043,0.3471911213575646,1
0.1688498842990856,0.2059006379330625,0.0486245030471312,0.2516341900367496,0.3689405490718975,0
0.4884809346361526,0.0361338825916895,0.3998103150127621,0.6062525044726156,0.7969754054516498,0
0.2062704408062456,0.6905380487285502,0.7242298002059305,0.0517491865679402,0.9133061509002888,1
0.4903723477482966,0.5609342399636325,0.946575147125961,0.2928174051339971,0.0377934981200527,1
0.4866082285199535,0.1010486138211079,0.3830089451218026,0.8215680430153894,0.5667432892461993,0
0.1352601039989055,0.2926820384418624,0.8792958398669088,0.0570070515369174,0.2378204356717916,0
0.6718829702448387,0.1774973119902522,0.3768006615419608,0.7909137401544766,0.6328187509269249,0
0.0036622564443369,0.4792417816990056,0.1431349043675138,0.6801946348749445,0.0980118279382766,0
0.7834015939605043,0.5207731381700742,0.5662586007709827,0.6066153626544306,0.0991956748746005,1
0.2160147686424031,0.3782874905823685,0.8035180099929223,0.6179455860432869,0.182811035139018,1
0.216823616268026,0.6070187599626442,0.9509550974061388,0.8833103175586688,0.6070797964784279,1
0.4214892579249879,0.9090277114426284,0.4387097223353554,0.5523350644885681,0.0185490695525037,1
0.8500275784132207,0.8340700324811026,0.9491814664752763,0.4152215282040309,0.1679846206151822,1
0.4846044687259163,0.5635207395846279,0.7571780136915671,0.3852384545833038,0.9598375948543882,1
0.536118468950465,0.5764234964187367,0.0592815802508837,0.3977230167137521,0.0283348121574036,0
0.919283427383684,0.8495427319327623,0.9277183003586036,0.3788543945127833,0.7790964793871957,1
0.9084071658275512,0.989553722217648,0.5607006525270514,0.8873611294117895,0.7331181833211542,1
0.991578904655232,0.5743327038086203,0.9922551268343218,0.5320003819460435,0.7805090215664164,1
0.7795921941978242,0.5552530743638783,0.6008935924420997,0.5349472194797337,0.0253783393582908,1
0.7612925881715673,0.7025526540797727,0.4487113518305275,0.9615232263547088,0.1486714504932879,1
0.3925360257422078,0.5211780087496287,0.3678699829676694,0.7877314213625527,0.9089883637784268,0
0.6549419924213528,0.9237507945250618,0.7668367212717629,0.341858707386424,0.4827143910882376,1
0.6716349589163993,0.8715323194865443,0.5394529271130055,0.4163023048279507,0.2108706433410924,1
0.2771698212096869,0.2533136060730444,0.5552223589486965,0.0306800369436419,0.8409423038892826,0
0.8701643002435924,0.5426347467689259,0.0379624951128167,0.3842749937225918,0.6079830385179338,0
0.6422590227620206,0.1448240342187577,0.4256320004019412,0.5632866288926132,0.0870561335945356,0
0.1444064469964799,0.1174146723562533,0.0610506099973042,0.4608927049174476,0.5052069241514117,0
0.391281853572301,0.434657996031964,0.3889947492999641,0.447686088006586,0.6433678850279891,0
0.9586842253965464,0.9989768057863868,0.425981137414955,0.0135561775804851,0.3892117887093762,1
0.8503206671944173,0.4838780314490049,0.0179413708081517,0.2688298237092109,0.0555960302803485,0
0.8616800212594324,0.6765711973169297,0.959447179489757,0.9213845997683362,0.260749426391349,1
0.2730784149481776,0.2294136495365226,0.0714039514648199,0.6015337082900044,0.3325871645505153,0
0.0562963859056323,0.0081328432199313,0.1754325258417494,0.6187405466522142,0.9687629330970564,0
0.8463713324006729,0.4913976972722331,0.9444975643155666,0.6577530967727497,0.3644885914650251,1
0.1158641960669681,0.1105326886798317,0.0109330453042673,0.9227532655210434,0.0670153481204602,0
0.2448407240717162,0.0347705651554938,0.3568283342467959,0.5403591657845215,0.7652360533177195,0
0.8225435435395085,0.3665736883922091,0.3675145505961258,0.7712583604078173,0.0191103005321885,1
0.3105760671058126,0.4355182822932046,0.5614546245546956,0.5070038965031954,0.9941195659381448,0
0.1600824414268606,0.6275685181463675,0.6307146743482337,0.3567887671663952,0.6821284719177866,0
0.0998158667504166,0.4029877609826621,0.3430498941090587,0.5817968403832479,0.5851120280031307,0
0.9089966674045667,0.5609930956727699,0.4339366129354369,0.5842088575017305,0.9783759711777068,1
0.2268668400170922,0.9162565104272148,0.4528967567000928,0.8537930094615327,0.2656079050921797,1
0.1320049522441356,0.7400544261554769,0.72732865513894,0.0158930529057655,0.051521887507512,0
0.615102309856207,0.504545912628656,0.729061406630633,0.0581573415690978,0.7524891257002582,1
0.2233854144596584,0.8388225955991141,0.8429275558198878,0.0867738732714958,0.9385557643711664,1
0.8171298276444521,0.4874873696361503,0.1473211394440922,0.5210449407914121,0.1532547450869592,0
0.9207213457250112,0.4565971558732301,0.6442683073636967,0.4047068793620607,0.1526276286253982,1
0.1082665791893109,0.4737806616018707,0.024617832154716,0.5561517216440249,0.2594021804221486,0
0.1085447624745824,0.0424005405529541,0.6055041919605292,0.5947662506422116,0.4265976913129787,0
0.9121904839939629,0.0486237280085559,0.0359804030348974,0.6980511370415412,0.9562893481982416,0
0.1083731670245661,0.6504750527160015,0.1722905146080481,0.4586549726165141,0.6941337854729618,0
0.1262350736184776,0.1840410008590735,0.2437364447876827,0.4462487814622998,0.0398890279492951,0
0.3977070230047721,0.3833085819154651,0.1797276748275037,0.5890513630751862,0.968251537786108,0
0.2225143866856679,0.0642960974356759,0.26952147846112,0.4700447211004191,0.6666215333494699,0
0.6355582194235136,0.930812473433242,0.5031493082193877,0.7905502952163714,0.7683692546554388,1
0.9350115065352278,0.1451601679160881,0.7548997745020898,0.8039507744983706,0.5346269025265251,1
0.6171300007667833,0.9034992754879064,0.0065948122960087,0.7717647219028806,0.5222565963240613,0
0.6914274641955734,0.7081741120459517,0.0543598466840929,0.8030611460589504,0.4545584594703077,1
0.4992498310344921,0.9187695751194956,0.1700028470015296,0.9736148024842938,0.9456632730139102,0
0.0557871930157495,0.3605446958412986,0.0475813337237556,0.3362465207891584,0.23110135813096,0
0.8340232658919132,0.8246283345787858,0.6292748804924645,0.3764868640702637,0.5809303719149831,1
0.3217831959732985,0.6332961093606359,0.4532165695672147,0.1505800764333074,0.392681559037989,0
0.535157406958207,0.0700327550316771,0.126079024947238,0.3499317795930057,0.3951355867987538,0
0.9769775143902144,0.5569282042154696,0.1317343312454816,0.6183252254888909,0.9165326450710974,0
0.0657812383936988,0.6292321044289079,0.4438721326674983,0.8562902276550499,0.6109565130232528,0
0.3249917992374945,0.795762683069938,0.7639535225642757,0.9520896621441716,0.5296435510758087,1
0.0179995191623496,0.4337433714123905,0.6627353530938054,0.883104251530882,0.1870522732963901,0
0.8964788308280225,0.5465290354369186,0.0158881867386287,0.0005545293534271,0.7984136697467132,0
0.6999597179256237,0.3629230719266866,0.4510778218687207,0.5976766137504304,0.8815767035785615,1
0.3717269541333633,0.1633529946899807,0.932718847213803,0.5481166637255256,0.797866249604697,1
0.1805704031983517,0.32664434282394,0.2929371882111538,0.0725430245414381,0.7083859335707833,0
0.5423141088721561,0.4045348473311078,0.3613869657010226,0.859545476536644,0.4141839416780881,0
0.7754684698987072,0.4537627566276706,0.7860305596447125,0.336416778481388,0.2635278055390843,1
0.3663282153341548,0.8914196869671459,0.6988821401641964,0.5291582852645815,0.0247726890690261,1
0.7170257559054675,0.7766128926685972,0.2673022225491329,0.0137177927239404,0.1391113267838726,0
0.1055436951763109,0.1673876046782352,0.5604077646783725,0.1167129002198575,0.3180085126465229,0
0.9028448306555358,0.3693085612536975,0.4408197938277357,0.1233466246317868,0.1703258629069591,0
0.214109518026592,0.8810081006600547,0.219026487586783,0.3929426903895879,0.8156167956684298,1
0.5172400490332865,0.6521907238101172,0.4961676206934028,0.4237806060624827,0.2582942375111208,1
0.663596485952108,0.0171216343321191,0.6061634964919835,0.4277700385114537,0.0950472182292606,0
0.1349684544545887,0.0470125863084694,0.4617112771064087,0.5432306687686844,0.8069949434153174,0
0.8353384825662492,0.434423577798141,0.1425335860826925,0.4270917274899097,0.1554551694485954,0
0.7389302571603404,0.1381842051042069,0.973667239323608,0.6038288568568912,0.0636304022288518,1
0.3948164343783749,0.2922350420069444,0.9432701384458764,0.2612337135020323,0.7044313998697593,1
0.1701915469142677,0.2412603321891515,0.8521254663847735,0.9007816563312372,0.9019171220144938,1
0.6035535399779348,0.4527547114534536,0.2901845758429149,0.8905837810607055,0.6927038544629216,0
0.0353972061879434,0.7475936868094124,0.3549803932530467,0.5454526887711783,0.75167164899891,0
0.7830220107931433,0.6322961585835432,0.2121352576859745,0.3189529352321848,0.8512285692569723,1
0.7569530279818131,0.8287498347249388,0.7240648159506933,0.6909967492241318,0.2274923242841908,1
0.531628447684249,0.3655921652911216,0.5307516272642144,0.8556879921152183,0.3815648082712579,1
0.7617948122562779,0.4559100972759832,0.5732788519540037,0.5294290126762272,0.2465142223993177,1
0.1921779843685624,0.1908333201427936,0.7138147460987316,0.6940562680078317,0.5971476094547956,0
0.1149327185801062,0.5423028117685191,0.5382999436057536,0.261161080239745,0.224142319714848,0
0.4104928238754272,0.9447284611218616,0.8825854875898319,0.4246495944835388,0.4039423059879596,1
0.4071915785490683,0.8254148458021243,0.3257808594967442,0.0828953543335561,0.3089504317912146,0
0.6638387022504351,0.3417792163795087,0.0529849910978752,0.8802166458114602,0.4015581339207494,0
0.0112267682991679,0.1199026935205964,0.0335947888939219,0.2666696697034317,0.5769631940028138,0
0.2027796092360433,0.3127756759672937,0.5778486585006857,0.9212538462059162,0.5189112166645479,1
0.8903818949945697,0.2687414047492649,0.5190078164115842,0.2363753791038216,0.1188222261903175,1
0.7232232562424595,0.6490597797953157,0.3911520720587133,0.6098469707096393,0.6220088944063017,0
0.7681184911775829,0.2311477748994251,0.0808649417429671,0.8730170742091342,0.622206853439943,0
0.6942817417491348,0.1947798003695676,0.1411106374258603,0.8206112272162333,0.6494025795477167,0
0.3515316740710434,0.9945160267711048,0.4594976239670305,0.7006915531897628,0.9564202797670808,1
0.1192037928117708,0.2301360431561572,0.6539563805239067,0.743442397431314,0.1855408494823566,0
0.9473972275302291,0.2592885834907874,0.5861617352730429,0.8603553715142778,0.0524568367787525,1
0.6516961691810673,0.5637152707206176,0.654809649715861,0.005232498042814,0.1803073839812945,1
0.8593467645049303,0.2267485216374984,0.6796295469242597,0.5341652474386646,0.3824090304390516,1
0.0329007178148271,0.7692667286416277,0.5446050866250856,0.7987020072963479,0.0297606550510838,0
0.2834733710445821,0.8683779089843224,0.8436858988881711,0.5307119148738876,0.3279905997139279,1
0.4057066478101661,0.6095213036776288,0.4009628800018269,0.1999924296774914,0.7302349491058358,0
0.3433403402192734,0.71170737062633,0.0391805133945271,0.1747824674627934,0.9739711652304182,0
0.9867497922187431,0.1899523855757469,0.3427861427949531,0.804653042998549,0.1674717764172696,1
0.7581816897318157,0.624694113990417,0.6311307921230446,0.973852471046854,0.2750593552853311,1
0.1147186917124308,0.325235457561242,0.1153314439838484,0.4274312058873717,0.6397799055884629,0
0.456930111390033,0.8995968712354739,0.444476272975749,0.9826015590998824,0.4025777990183068,1
0.5103441377140876,0.6764843771324277,0.3892200192837864,0.6912630189714241,0.4623423700739246,1
0.7792166732325361,0.6741689886739979,0.0613080715438518,0.272085340869155,0.7478849999471588,0
0.1098397327670097,0.6038067211895668,0.2683470016698736,0.5115039312956389,0.3924627208894149,0
0.9805724302882683,0.9870085700026257,0.1979587966258704,0.1147892128400682,0.9374224770211652,1
0.4684321787569016,0.409257196416845,0.6405520910310981,0.1305340102597723,0.5397558872761177,1
0.164347243257978,0.7421997198420096,0.1338748406782349,0.0875540954577734,0.6655608564406003,0
0.2979566171495359,0.4370129856831652,0.1859385123539551,0.6515079459197456,0.7345349580767521,0
0.2240417157131866,0.6153209234837377,0.7778488940197211,0.2236759807003769,0.2021046433768336,1
0.712098576744148,0.8932417168418694,0.4160503259061611,0.4793619661372146,0.2570061705610303,1
0.6451309394979907,0.712523026663834,0.710096704958147,0.3797701923821812,0.4964839863351041,1
0.8512872411652266,0.1279264822639449,0.3212994679732955,0.3275648214119582,0.4618694472173937,1
0.9340852080868148,0.7669178902761927,0.5479296660925662,0.8049976434336845,0.2262921512915192,1
0.3424493689597838,0.5459723727368778,0.5709775257094226,0.4456149885106677,0.2245338409179915,1
0.958935738759623,0.7732360913517644,0.4300264143104775,0.5957766234774267,0.0224886596382301,1
0.7043311557260232,0.3448065728092931,0.0700601478358332,0.7295309131801426,0.1831434753778535,0
0.6624187300586608,0.8849781691649975,0.1642923562883969,0.2809513685228573,0.9116514001897612,1
0.5907274733674744,0.6260109364572626,0.5091002543816976,0.0584701664352013,0.8690461702122716,1
0.8069672467511118,0.2180886558814083,0.0220211521188048,0.01895511722071,0.7525239089363519,0
0.2909806670146827,0.4161911691137889,0.5787498097815679,0.2854818154490053,0.0770723235320373,0
0.2327879171411762,0.8651215274005791,0.0681710159983529,0.1496616520985081,0.169008256392993,0
0.2216951525541672,0.6339491725507089,0.4251866150572798,0.3831682307299253,0.7561014443245836,0
0.4096889453571721,0.3726696664119168,0.584637937659762,0.1282581370571172,0.6896200553110036,0
0.6620004676591753,0.5216003639997374,0.0780766209212318,0.6634718991523051,0.8437165799380592,0
0.1320910614201713,0.1195043981027842,0.95669140784401,0.9398396077635912,0.2873775274430463,1
0.3585472012291749,0.3933722407180222,0.3299794956038502,0.0011910572913785,0.2541408655975694,0
0.0405110547837349,0.5935742524840281,0.2120037786206365,0.7336654455552329,0.9791289563812872,0
0.6217767381021108,0.806519937979564,0.136188388870611,0.8469410366714125,0.7071386323657608,0
0.0767688779831708,0.4391247843613011,0.9309531047675234,0.4502873922090253,0.0783362763101117,1
0.5119693619330178,0.5598050216337902,0.6724863418100065,0.5211266049865997,0.0670020319211753,1
0.9084578412797368,0.6341921326159958,0.51003897481939,0.3411160550917571,0.3534595077162898,1
0.6523406059894548,0.2189649390970129,0.1102938498071007,0.9359338783195934,0.3281045765240855,0
0.2612338080751279,0.3291379706372943,0.1984744015751597,0.6851463801919886,0.1725159817592491,0
0.5134410287835267,0.016964805559107,0.0736185118606997,0.3175012169773274,0.3111329104920549,0
0.3933818552405314,0.4390870467266672,0.251517744833695,0.839733318219671,0.2825611283418511,0
0.4170405309346796,0.4322595913836627,0.6361444882648849,0.0946334836587959,0.4547307747247763,1
0.416071533764163,0.0600160481121263,0.8213629902768347,0.3971946004177501,0.7312674373688545,1
0.0488276187779185,0.7792517644660573,0.9965909867290116,0.916894916775324,0.7304899138569217,1
0.6312610714516596,0.612769900653593,0.9496112717302092,0.0622106148896299,0.3872639845452119,1
0.8000247690993455,0.7329552779006828,0.0691291153358854,0.9459177383193522,0.6351755964908792,1
0.1068183875564717,0.726492225245233,0.2205243478782803,0.2959136178830426,0.6530711649124645,0
0.2769811296294832,0.0058677554045872,0.0544446961904246,0.5727712050101831,0.84184474473889,0
0.0667221239983349,0.580369960971592,0.0731235439842461,0.0169365139419626,0.1975669068843815,0
0.2704191193794458,0.2202159333430087,0.87738725335212,0.9717311159686084,0.55176913554489,1
0.4036017742243606,0.3604037065627044,0.6421660873342102,0.1751325503181549,0.8447793358137806,1
0.4592181697130633,0.6746379637717359,0.2977965361016306,0.5355199829397344,0.1923204684618054,0
0.4022706920922814,0.0952203151668656,0.3950025781720893,0.1691546529675166,0.7003754698421308,0
0.2743774594995437,0.2152855550817571,0.3156063520518504,0.6365825564161506,0.6098375176135951,0
0.1333504300259401,0.6882461704606585,0.070902694499273,0.6690374999946247,0.4015961011392973,0
0.5517135554585768,0.6511655092747364,0.1809880716497047,0.2722936855155927,0.4557252554117929,0
0.1869044068901615,0.1786923845408095,0.1560657707579276,0.6676625011952827,0.1094445700086057,0
0.5795725683438437,0.0162535603275997,0.510117673104161,0.8267997471667361,0.7027626583245142,0
0.0650530586121886,0.8136158737273053,0.8545763380606528,0.2753548481807186,0.9670581642902956,1
0.5620139421547843,0.3258117847612725,0.1709975578197969,0.5474105462300957,0.595680883857959,0
0.1415936997943121,0.0870985819514159,0.8657394212914195,0.2186440398890292,0.529715855874173,0
0.0421268830902729,0.1280587172612659,0.7751914912937766,0.460253961706309,0.3491142744515237,0
0.7525500784704802,0.4948034327607691,0.5012687979225651,0.8852499457870916,0.4105413583866336,1
0.3785905188174371,0.6192225922625473,0.1972479022778918,0.2008029662041196,0.0753154925281939,0
0.5245411157927575,0.3051451047928293,0.2972120292659439,0.768337788542299,0.3548219979876643,0
0.4384739386823748,0.6748842065598489,0.7629019833979543,0.7094600698111106,0.3080659291237391,1
0.0114091806475381,0.3686812133267321,0.8854793245568126,0.7719321059650164,0.3556236885622423,1
0.5897375573332957,0.6782358147659211,0.1366917777278241,0.3765818035465301,0.5469045218390166,0
0.9170973594019532,0.9302043663380324,0.2543308695401686,0.2747870884461914,0.5340436916248426,1
0.0146138418157533,0.9376024578309028,0.899728072612207,0.4888369119132266,0.1032588631588951,1
0.6407386667391547,0.6721939333201719,0.1564466427463656,0.6140495867384901,0.7380949357440241,0
0.3697114362337701,0.1210172488340236,0.7782114482186977,0.5227798753563587,0.8090615859017525,1
0.4066429843335782,0.5665431135705847,0.6912445085314335,0.2994488665875213,0.5087366052781872,1
0.8782951816485597,0.8709745864782998,0.8007086279440997,0.4710491734608123,0.9995656280836324,1
0.3793020526908142,0.6886500601127719,0.9973149375298928,0.5406653198591593,0.270141500956112,1
0.4588414869451369,0.0963839542710924,0.5178359215768518,0.9987550905688108,0.630510349647557,0
0.3636037041308154,0.3753682527475911,0.5024629086378172,0.4431984749981936,0.8371734381983503,0
0.5696637792577098,0.5336608770792842,0.1314429030704285,0.9229283924005376,0.34009585391644,0
0.4495596934116708,0.1643518232878097,0.7783755533426319,0.3100388667189613,0.3305717567715134,1
0.2197997616905916,0.3917662859392805,0.6421798306727157,0.9608739458860328,0.3031955807585276,0
0.0333031993507582,0.5099477586715159,0.7522294371716215,0.00785710770668,0.9107315321183594,0
0.1860940198220348,0.3391104301842471,0.4372200464970833,0.487107566725486,0.4909993886383778,0
0.6261214818039391,0.4820217427998027,0.2771731203850297,0.1721367659812549,0.3567708594560071,0
0.7979034029346076,0.2665807638813232,0.7832582290586512,0.6997512244169393,0.0067073748569735,1
0.1576335205845931,0.2779148733080029,0.960135700376062,0.8963581560303524,0.0893995012272946,1
0.1334061661580174,0.5437222571788388,0.3637598581995345,0.5379307945835559,0.2578847320262005,0
0.982265464322395,0.287695610616231,0.3196866756709854,0.282346249267855,0.9458585948828976,0
0.0894650466749297,0.4008563757952053,0.9432141239887668,0.9521123732753048,0.293382935508536,1
0.6205538385301079,0.9282693719067594,0.2244981123622866,0.151610904452508,0.4637397614505398,0
0.907438194254614,0.6263548159489418,0.6207249067695586,0.934450517940392,0.5382400679282451,1
0.9902586857772694,0.953073178402538,0.323871684160565,0.1476958787471223,0.5099977781313659,1
0.0190267543801613,0.7491095829390365,0.9158273801539968,0.1740929992190775,0.0241394509074756,1
0.6148808307186197,0.1763877171807476,0.7834064437216758,0.7795303224253002,0.4790152135499657,1
0.9293368242587936,0.3376226422420088,0.901651203418279,0.3529692547640417,0.5639558732798435,1
0.934270236941002,0.1548107127415147,0.665202556047946,0.9432811256048924,0.4113750674170748,1
0.4688330777222537,0.8802458743132409,0.914254939794351,0.7711308445191924,0.2089363903865267,1
0.7031452151815492,0.1764276043133552,0.8085400685160794,0.4886090871393614,0.1908700941547741,1
0.898267270864057,0.8625940475589484,0.4745582956067667,0.735869257248472,0.5862156407823964,1
0.571776339414032,0.1751873688185631,0.8122134848078992,0.3576143767013559,0.5341065819162009,1
0.9344749672034526,0.4629089664411938,0.5030435956952406,0.9032791203584452,0.275153087365647,1
0.2027195000584578,0.4084122105337684,0.5545831090579865,0.1975338792168242,0.3167011993223174,0
0.3345892913590791,0.2240275028081401,0.8779740242275976,0.1303155929658633,0.9728719699592884,1
0.2558690217131716,0.0181196984942589,0.1012369484469202,0.7459662007003528,0.4971478037590265,0
0.8160854768766687,0.0802372943584271,0.5260937151413271,0.7535680058283695,0.0318000003511335,1
0.9782711550018118,0.4736045684304344,0.7307268309028958,0.6433865450458964,0.0860114786021397,1
0.3552917224976151,0.6626562660352625,0.3484973629814361,0.7780643915028483,0.7338647188541538,1
0.701762929636566,0.386866301042976,0.7255688850892796,0.3294369878430248,0.7803956140777638,1
0.1144848042274672,0.8243791251990614,0.9026476288636064,0.8336218718068862,0.5673913985989183,1
0.1160603665067913,0.8067189304588989,0.0528992142954968,0.6809476298025898,0.0808431962493189,0
0.8736061238200457,0.8816739546611605,0.7152108864730189,0.1530312690405192,0.634818986118907,1
0.7954207319756398,0.2368247579997394,0.0565980682685034,0.3379781412923669,0.6053475419297074,0
0.6446473349327144,0.633747901024626,0.728622537127848,0.1336412636760717,0.2629026366892183,1
0.303883169294428,0.6674172485603705,0.9580913770804916,0.8138827193305842,0.7950032125461344,1
0.1908001097638353,0.4584627394126265,0.7436374047818325,0.0767146761430002,0.3905512833953111,1
0.5630922877660075,0.9461265189953668,0.0502825404890928,0.2239129431901652,0.5040141468248244,0
0.0698506924990364,0.076301543596584,0.6925201423038504,0.5227444280921762,0.3265295944831394,0
0.4508242060515893,0.9277510147042562,0.9286530924743917,0.8981036350307453,0.0743090774065065,1
0.5068110561545555,0.7643499780278354,0.0520930789582015,0.7733723150252285,0.2059251070110807,0
0.0482836301892423,0.2020009682170609,0.2358893570601677,0.0795620029854269,0.4020438215579343,0
0.2639280123995681,0.5995086948183936,0.2450192108351957,0.6723292438182275,0.9528522122154862,0
0.8846562773380304,0.5289040215485414,0.589229393514375,0.3493165937453806,0.4943430201451161,1
0.9911684761411588,0.7895326000083196,0.5535169278140347,0.7102701923034284,0.7562364738532594,1
0.8329582892053854,0.2498631758639788,0.5066495557054267,0.3665587929225125,0.0819159264704526,0
0.5273912968583365,0.9338537766820956,0.2583325166619465,0.736438199223891,0.6007522148376424,0
0.6104228554991601,0.4358014646878713,0.5696553633317966,0.6361668218708528,0.3296306489475804,1
0.7031300889398083,0.4479938560018193,0.300625851041456,0.961959794740426,0.9554836711625346,1
0.7120717825957898,0.5380249511013995,0.7871766913235909,0.7467737793216643,0.3227873125540385,1
0.2090274488149636,0.7413921694772503,0.972822673422629,0.8268830680669454,0.1238048611792783,1
0.0865778191555717,0.5281001743994784,0.6864377447610233,0.4438516269772379,0.5689475945735445,0
0.2886918749343202,0.0143235333505404,0.1229988606153242,0.349356469230165,0.1077274866670563,0
0.556343489872096,0.2636951049795362,0.1148876643821987,0.8660582016806437,0.4562190693573071,0
0.4599806688357458,0.8669650329961693,0.2836256052048473,0.4946829155915643,0.2162176536775961,0
0.3735468208123811,0.8045797080306849,0.019429450614389,0.7988367124565894,0.9573371478095766,0
0.7773051956962455,0.1214512821524381,0.8872612327881263,0.1073112108325329,0.7775325866790921,1
0.8348817367081075,0.8663858549013053,0.0548145031787662,0.58664915135122,0.7600054111685803,1
0.8419355769214011,0.8448200080865356,0.7259162659714079,0.3057640297445821,0.5248270252510816,1
0.7381686580252813,0.3691127728829074,0.3059472753746649,0.8177539282759476,0.5368295002998409,0
0.7538437767559836,0.103317587834939,0.9353917706345348,0.5477793719460298,0.0604564838759015,1
0.2333643456303278,0.912432845637148,0.625206809042197,0.7906259586659622,0.3251391191964744,0
0.9124988541263216,0.9111964766029867,0.7724895607255867,0.1199883458076052,0.9431270782541932,1
0.3884490713800217,0.7031724555295815,0.6651612734374573,0.1078253977664712,0.976811602585972,1
0.1957415729847413,0.5721188556378349,0.4798106958948634,0.670688343577765,0.9682498141448272,0
0.7977908433532401,0.4027343327741969,0.5386835218012161,0.5686908415078247,0.8886617010791966,1
0.1644620172217192,0.508448341427535,0.4411371791281997,0.1155663476333734,0.1588071498581209,0
0.2734100105560357,0.5351498040033374,0.4065155038203308,0.8225945194396278,0.6291890573881194,0
0.5946402122046431,0.0950081575150968,0.139796975855596,0.5476860540013205,0.9501787098009852,0
0.748271342491269,0.8741563918498786,0.1684476035097917,0.7811582541273339,0.8469107476731047,1
0.6611856702527746,0.2459768029029952,0.7007349526407061,0.1091101692577892,0.2183903849058691,1
0.8580139069254722,0.3444824700619623,0.0133120615837878,0.8383497453531964,0.3552793537107256,0
0.2392940985163129,0.5268004802779798,0.6447897629301818,0.7874104987695487,0.3754386877787444,1
0.7037607769391024,0.362537417183041,0.250897059645321,0.3082539114620788,0.3505923720026241,0
0.5114731347328626,0.7756206170487654,0.7577404103565166,0.0988745543802311,0.7485338198386241,1
0.5539578715180142,0.6174573481980601,0.2653328519515019,0.4313371591507501,0.2346956872751023,0
0.1656372956325368,0.6442380901844103,0.5580228630432823,0.2171066177262748,0.8783532520537454,0
0.1895192780295164,0.7213814013957017,0.5814393597877279,0.8971600268883497,0.6107039678378817,1
0.3842303786486543,0.996360901974704,0.3399729550003955,0.7622377906388207,0.5170115222518898,0
0.8498761502546895,0.4488117646023707,0.7675921273184707,0.2457805428863331,0.0172492186862278,1
0.184790201567253,0.1398155540566912,0.8705037310155826,0.4074159348241353,0.2566190266682758,1
0.4560641477038942,0.7706656318890992,0.3613903875850207,0.6097560436495909,0.1020085435868143,0
0.5448222417835401,0.2748974431485214,0.1273875870662637,0.5220038940022949,0.6073847416244442,0
0.1318285432384599,0.8528849888954951,0.1096619167501758,0.7153378760871609,0.2332418092110023,0
0.0081722779049629,0.8833985166386461,0.7273323414110245,0.6091603237115463,0.4331157181537647,0
0.950037011412481,0.845021551724077,0.1831896380122664,0.6884252213056715,0.2836718078327581,1
0.0167290353914906,0.8632048382012523,0.0144950739374807,0.5732370478550719,0.3884034593315106,0
0.5866898656407754,0.18608363530925465,0.734125878325451,0.3213161822910916,0.1567005762694037,1
0.25070438021649943,0.5554224648895772,0.5349825655445138,0.4594087456856282,0.16328008494608393,0
0.8174297678528413,0.04154044464657669,0.5309191030664392,0.7462284988034108,0.33444988473471127,1
0.06519329265790441,0.2470022582888175,0.7567753176127797,0.45890439903844316,0.47585231099058767,0
0.3039948645939805,0.9050582131598552,0.1535830690371266,0.33693653339461227,0.6218103432879922,0
0.3290049257685891,0.3992471718579851,0.38970762265475967,0.04914500725119464,0.8776847658620022,0
0.4299124289623406,0.5335268349793936,0.1450557558598604,0.059957100215197845,0.22720334639025852,0
0.6309822894975293,0.546016133403184,0.6810102372816492,0.7345092034957743,0.7848707974223158,1
0.1547495426276374,0.17954846743798836,0.6015464920084385,0.574132211614979,0.6820157897227882,0
0.10001740651214297,0.8614002365667979,0.034605169720609785,0.9386454713258394,0.7310622696199066,0
0.6110233504092517,0.3441238903392875,0.6082378368260934,0.9867663880388812,0.6148275777046618,1
0.613924287725071,0.5525631975015305,0.11209436411008544,0.3226417944791474,0.8194613748559689,0
0.7187632718120295,0.7255141895058898,0.20429790654115698,0.742197577063343,0.7778857253176849,1
0.6755615122534145,0.0007800747867577895,0.7247777467391707,0.2043807466330979,0.8371387733214858,1
0.5774892075966617,0.0856036665308314,0.6397292441320735,0.4513743311318653,0.6165087027883063,0
0.735046139449173,0.6810791292781354,0.1296550858628951,0.7225858483143284,0.507842178699187,0
0.8968465454174552,0.4406285384427019,0.04347190786283284,0.875107118731145,0.7313360504316335,0
0.3408966148089575,0.5222294405125618,0.17830071905904987,0.692301398408372,0.9019214361753657,0
0.3532696264549564,0.2627336537516568,0.7453726642724395,0.5312358154218854,0.5884615324072641,1
0.9202764290409201,0.8213059411872214,0.3720092333696229,0.323970382245913,0.7885517190769135,1
0.6379109964984568,0.9770438184392736,0.3683769834081193,0.4193184794319249,0.7788054189307184,1
0.7689412802255796,0.20395193829061242,0.449876774438255,0.8660251583109944,0.19105600785382448,1
0.266399799350009,0.3719776709188801,0.29522499654922096,0.13324208537551752,0.8575714922755336,0
0.13028013675791783,0.9060980801015756,0.904794213460471,0.7020362198267364,0.63886747339789,1
0.6106023953491344,0.7670162298566913,0.6427934807567169,0.606634034838865,0.5356491449031753,1
0.35896012846691583,0.41935325797686196,0.4273045309530169,0.725507804137646,0.478786306886929,0
0.9391732808459164,0.7034192592711728,0.20373039795197334,0.49264191885768316,0.5892292049394837,1
0.11281005759976781,0.33725105603083383,0.5882441154921723,0.09721841075446713,0.17072447676751024,0
0.9155180390767161,0.06516304628881175,0.8263567496500425,0.4976825931665798,0.44376376637483184,1
0.4472083002420041,0.23817235401702574,0.5289164201382838,0.731550107893935,0.9156950473938444,0
0.9367284705716232,0.07974489058988288,0.37610694747811835,0.7308609298717854,0.9463308002903553,1
0.5123320171141531,0.04068914664495871,0.06278092478129438,0.03947931673801064,0.40316582451584726,0
0.8318568527411294,0.5920365574001001,0.6514217267648609,0.02784649111783588,0.9594482603157704,1
0.6486119045665247,0.9236360825705269,0.1944030533498936,0.46106858041367293,0.9267279269571068,1
0.3442509318311334,0.677166288157885,0.1972988317258506,0.3338736958178534,0.17931085964605975,0
0.1658822106197858,0.854059424310151,0.841865199562937,0.24423603790291049,0.3452930271432808,1
0.13954149013376094,0.44784747985634843,0.1310545035221442,0.16658204886172268,0.7842552206363752,0
0.5787749281764032,0.1077416738401753,0.07960452704149479,0.6805547838667517,0.6255405979354661,0
0.9750994725253485,0.6197459110404434,0.4143143418866476,0.7588711200323631,0.2728326091396328,1
0.8717995455403149,0.30041396230758055,0.5345647965458828,0.8057246993034514,0.23806445274759824,1
0.7580961973332808,0.9940011398508741,0.004022165433769209,0.32496811916698687,0.9821515701002903,0
0.6817146676898028,0.8814658045176864,0.04290230061363476,0.9512523525234501,0.08735718001081472,0
0.2477389319364317,0.3655126281405108,0.7398079740743567,0.8968087140292278,0.5890506279539588,1
0.4658261069697339,0.7005092439185402,0.5480372241292545,0.19815825034965384,0.9549503937205468,1
0.12225795853660426,0.013180919189894169,0.5037555402276062,0.2979943790905648,0.602431063520982,0
0.46673147004394344,0.24693369943693932,0.6481801621595064,0.33958947973684905,0.9577629739031391,1
0.2570842176044169,0.17765020371626827,0.24458245721874272,0.46522787542805455,0.0995348644763433,0
0.3172155631027729,0.2965627736313896,0.16324553425745858,0.05125153485120815,0.386057058384509,0
0.1504914330180679,0.8568694963235068,0.23008448315093322,0.7619748182721364,0.02628560243058009,0
0.4866928288156812,0.06905631575353466,0.7162045214194557,0.9565576114655706,0.2146356105414674,1
0.1553934826422907,0.27366821971538347,0.5829340867857776,0.12946685009991232,0.510920593079935,0
0.9010476473242641,0.8911369094952718,0.8643332958668922,0.4799102254363877,0.2639598528545205,1
0.38411460736028846,0.025345684214973407,0.0018969208891989053,0.5950069556159956,0.37857251770000333,0
0.7754588199492869,0.8206212984522748,0.49787231942325916,0.8244059856107363,0.36439150150557653,1
0.2854358236089296,0.6649289868369643,0.18258368895346344,0.4272803304810412,0.06745960852571142,0
0.4484256519468762,0.30987997796569267,0.9903716095993468,0.8229544337036353,0.14106632246156448,1
0.09514093510256971,0.4180031721619972,0.23057178523338073,0.9199719538119743,0.9076932386579373,0
0.476424131134753,0.8764670356443296,0.9423002257372753,0.6426367155831814,0.7071485811972456,1
0.01325082839799785,0.2792267752201616,0.6078525366006451,0.6738787342510211,0.038262820507667494,0
0.8615168851537152,0.8195369971621924,0.6904943521518588,0.805931023907887,0.4989643344066388,1
0.3121644594761156,0.9807454243359277,0.01999905291168702,0.7435437154390238,0.48742582023306713,0
0.8172808167208978,0.37634379344277247,0.7141210794800661,0.08760609349865378,0.27451201225045674,1
0.4643896062455316,0.16579468739882908,0.8622132870515615,0.2874189272909762,0.6515661690926903,1
0.2223284205681737,0.5287404950384736,0.8548015625689505,0.7767470141066868,0.35084500428529963,1
0.26637400423132296,0.7784675270116059,0.14453128740564303,0.7953511849480633,0.13643730030812684,0
0.9570063019176916,0.08873843891509436,0.9685268592837045,0.31707659028896285,0.3107095353511443,1
0.2524314249744697,0.1969848617615132,0.24448686052841617,0.8537889655742368,0.535081841411878,0
0.7534931736649758,0.9289919724473967,0.4653381136404533,0.7951355181839466,0.6456927341070032,1
0.9412608789858737,0.4042730449449211,0.0318837562094475,0.1806589413748435,0.656501855378093,0
0.7122843330426412,0.6691728204627766,0.1637831982858261,0.6852454011580417,0.8609568114980088,0
0.39991080474373564,0.9783878213194473,0.07797659579536065,0.1562199688880288,0.0545035007466933,0
0.6867393417189879,0.5982068720409038,0.5927083208489211,0.02188781998383249,0.6596043913495291,1
0.3049494656133882,0.2632443861049718,0.9822800028043691,0.9453379666182418,0.953654451202487,1
0.2906019621814838,0.6192448422513955,0.6184028897197829,0.2702702327426191,0.6160959288793475,1
0.3723840985880905,0.8826430631826122,0.6906585005007484,0.49543454766846107,0.2322793327390823,1
0.6030936169268878,0.7020586682219505,0.9165879167746979,0.7231763900759731,0.23191065963614343,1
0.26888925626126314,0.05964188533208126,0.99656166857915,0.28799999862503733,0.5659207275812618,1
0.1969385303967598,0.9969494527512954,0.6662678787958243,0.012093234684024123,0.9795591307138428,1
0.0304176190461114,0.8636571892421167,0.25203438618070495,0.047625907360137165,0.17172246470924735,0
0.24430756622877214,0.6021845447344978,0.22725880797812759,0.9755755312743913,0.12744125198772438,0
0.9726222430858745,0.3622178617682561,0.11451962429969698,0.6880770230582604,0.5930416686167564,0
0.7059858016490613,0.9502343309049128,0.8246151336364377,0.3605771494946417,0.7074353670681565,1
0.9468831897966765,0.6134710051114436,0.9038605690212034,0.9321965713398557,0.1589814756061817,1
0.8163160870033331,0.879030735896628,0.37360902299847565,0.7127151567880963,0.9741619909029763,1
0.3592449146702307,0.1766674622024882,0.6688138505771379,0.7753451862970874,0.5670579781730231,0
0.45051394634926045,0.37973276704818093,0.8107341801238378,0.15515168951252634,0.6331538104223834,1
0.3901263845965893,0.3947045831865339,0.5396923378755005,0.8774181410404919,0.5433507424053575,0
0.6887881039899328,0.7447205357989577,0.1300262485481425,0.8479661281072323,0.31361955184566925,0
0.8093657458227881,0.9707598695531511,0.9999089796687336,0.4277821970902169,0.9700795555122048,1
0.6690422844213311,0.49394386036274784,0.7927065043186532,0.08541113080673679,0.5591665028762491,1
0.07258759129608072,0.19270280314187427,0.42612508518831527,0.2941792661203,0.31474379116524354,0
0.6005698094586608,0.989198265042814,0.07824655223543531,0.30843694926728293,0.8579960658948168,0
0.8606291786995018,0.8879769190837947,0.3821696245679812,0.7817687627526408,0.5970156189300555,1
0.48752380468240386,0.5796378133138549,0.9966887915262235,0.4585108969560431,0.8192752786598085,1
0.5430431699689944,0.821788576071005,0.1692327614237057,0.794758820389242,0.4575711913866962,0
0.3832913363759428,0.4055167586102968,0.8161753518683522,0.049242033268674934,0.5603548882024428,1
0.4504814156153777,0.25463785587180976,0.9084741823660258,0.6545108445918734,0.5583200649760705,1
0.8722724249279935,0.950176385718679,0.7943529493178175,0.6356401792162267,0.02064017253717687,1
0.21286055895275757,0.4845836711623407,0.4996241712670927,0.8387126439715864,0.801457134315043,0
0.31585177776522233,0.2573516876490457,0.5203944945095687,0.08316275739918089,0.2716822407386654,0
0.22435617334048097,0.1119080069634617,0.3205765812092163,0.9617300181218518,0.9059793801489939,0
0.18863881008618033,0.8092856021490649,0.29438132887584034,0.3356286569519442,0.8289970390938938,0
0.869044950787738,0.012613918205081842,0.5473772425103246,0.25931788327250016,0.8237810797032526,1
0.4249364442370498,0.3072659836599587,0.9342600279603076,0.4682439145493553,0.44758007899169727,1
0.5836164843299011,0.32317728404462676,0.9548824191596085,0.9276148500214735,0.28401358862698767,1
0.9437070502933007,0.8915758521968147,0.8705638579555947,0.11516111704251863,0.3732124228925632,1
0.4388776258191225,0.7623983137575512,0.6071816926205524,0.02934554377568588,0.7328717900238823,1
0.8810928045242101,0.09950700748383001,0.4166009225189835,0.5032640393919686,0.8247902261475655,1
0.6419607473719958,0.6493982233395977,0.9127967203096807,0.056029697988309146,0.7058480457999932,1
0.14151758412361526,0.1146563849633917,0.6715920748103312,0.5095586342737163,0.3816876003934562,0
0.6437119410128155,0.7375311800745089,0.7977533804390394,0.7833184253851638,0.301866379763177,1
0.2669522192420034,0.14976584921684144,0.49075179815146186,0.11995255676356009,0.7941680407767981,0
0.3133398656603724,0.7822808083135695,0.13585710714645383,0.5986468562729662,0.42281186990689845,0
0.6825161106649926,0.5192237317446626,0.1041641756348024,0.3885933770141208,0.1934368207367959,0
0.7129260289162577,0.6706034307358603,0.9397730511395324,0.9696350841964478,0.6355344266759757,1
0.4299994030302534,0.053275116173780446,0.9634791837089433,0.282297126880952,0.704539995155254,1
0.0715594095322708,0.10729937982967253,0.9706873432864773,0.6858228818799955,0.23425172381508208,0
0.8393687572525441,0.9833998210520243,0.7388832662757363,0.21152627790198264,0.18562202092922564,1
0.8777804542333119,0.2452771411464697,0.08887433062032035,0.45020863929536115,0.08952889554705779,0
0.8013221451024906,0.1746425847880626,0.8658686954648678,0.16648485767388688,0.8751954810568869,1
0.4628898895362855,0.9950169402290688,0.9622702959454724,0.6214733604361438,0.7829486855046138,1
0.42138947678450134,0.6212096409469178,0.46400986320128645,0.8575312960110176,0.5889460057258148,1
0.8886056655206769,0.1584485400652874,0.7761951583121707,0.29259194930916255,0.4576694798812846,1
0.6803878566948798,0.49002456169084974,0.12471944374660238,0.9843582884211723,0.430368440091634,0
0.6761757880099789,0.08857043956235933,0.8158455665621196,0.16213488541121412,0.7870305987512242,1
0.3000117612967992,0.15776133120717728,0.3111818797204293,0.4314766594112025,0.7978496111392076,0
0.8849829562080035,0.6243279535491547,0.344531944007908,0.5718424879122966,0.5983682683286898,1
0.09874371163707796,0.5065478379257082,0.327220433910271,0.24180855954375957,0.4746685853244481,0
0.6222063011936497,0.7304964511370728,0.13207935328833653,0.5438121764945287,0.20042734533500461,0
0.21633871116186443,0.4431584155074425,0.05846142934297671,0.6786621010091792,0.5339227308524667,0
0.824362050919271,0.49893445060768415,0.1112370001114591,0.8135435509560396,0.8388270664409331,0
0.9720255520111201,0.028268870571913962,0.2158498570120213,0.026741261364840563,0.3579140874955228,0
0.9541301504854386,0.35120580666161216,0.33631594794745656,0.9809139150041256,0.23146566008751257,1
0.1214465105335586,0.24203204550714064,0.3773364350849613,0.8731466195230226,0.13102143080850037,0
0.5179921466681596,0.05964296381813372,0.017762670475350628,0.4460200157084151,0.26197893147786055,0
0.04562794290671224,0.8050633342086168,0.47338286039685273,0.36672903515548105,0.6436706179227344,0
0.37830540431982373,0.8962556526972735,0.566470227233936,0.08531679545935833,0.9239855401915122,1
0.6847222371969324,0.6978464008587443,0.09002658421186593,0.029474383820117023,0.4096691851888514,0
0.7479806661624236,0.1958005402512264,0.21825990980190935,0.4493882477134573,0.00871844133200228,0
0.5421414996898407,0.2749121059577547,0.9442993158984043,0.7561233368943072,0.8333188071687189,1
0.4438038396679991,0.05087605040904952,0.6347463743262876,0.05383791600368515,0.6653753059170625,0
0.7070960527774647,0.11329725667385027,0.5693942816191189,0.879415288273946,0.3518687138396609,1
0.9538657961914176,0.33026686830490803,0.4300619035164758,0.7202792055639832,0.8684547199715681,1
0.47925197407810294,0.8858528433429512,0.8560748073571344,0.6403248958996755,0.9806049821121018,1
0.6413987980545799,0.8012881815334357,0.9923002359554282,0.47673506900588747,0.8184806991702117,1
0.6535063383813531,0.56927501661302,0.6157516436011221,0.3968321198165661,0.5461751592085816,1
0.6422491782980443,0.5875191504988941,0.6536871022517615,0.31829636541445605,0.9545988489570714,1
0.0650020907166814,0.762423668277087,0.7717071691964585,0.3645475841100352,0.8484611107577339,1
0.8967474805428224,0.2575924830536932,0.06369422758578236,0.45163926068286264,0.587264944134127,0
0.1644911735463348,0.0838742002205598,0.11127984288765369,0.09732978395846559,0.639883001292671,0
0.629754795469792,0.9331180708574703,0.43091640798647957,0.9272454874336052,0.9496194487468528,1
0.0139972906744531,0.44747905566641055,0.7692993306019588,0.3926224480698475,0.6042951617285685,0
0.9930358726398258,0.8796253296950414,0.9426906536621803,0.985416368530685,0.22337158293498827,1
0.817645394185813,0.010593766976011665,0.6790410163382458,0.34412918709635176,0.05200989087523544,1
0.7963306209660795,0.5683945876673575,0.7133819804905344,0.6173464078691767,0.46895254787093765,1
0.6596043315153676,0.8409957930122689,0.5488570564422931,0.4858471179202888,0.8278533952160486,1
0.499667814126285,0.2916111835868288,0.5536228753466211,0.04997910844515263,0.043590966193650216,0
0.9073510979354663,0.8111404888226736,0.15239861268145538,0.13301003491200125,0.15456182800305185,1
0.946941229493916,0.298459036336722,0.5842623050674253,0.9000349996233384,0.0686028022795292,1
0.8859696913946787,0.7707454986436076,0.004695077641019174,0.8715627573181003,0.12937032261055104,0
0.00683911925875802,0.03318173225096388,0.7880440771229299,0.08651027394958966,0.5430084311453706,0
0.09938240390477726,0.8404257974560193,0.6341933964685608,0.8853785484999414,0.10918648763532923,1
0.34465807554613137,0.6994660244417146,0.8835909097372304,0.07866143223025368,0.5524337447010053,1
0.8837679129818181,0.4122031681628038,0.010586353250972125,0.10701197193646028,0.3523458229062393,0
0.022950210989263975,0.41796484933671707,0.2933342512001932,0.6455610787752065,0.5289447305610938,0
0.4104571454095459,0.23240234427182105,0.011766692104214105,0.40637469682883587,0.19205518591306692,0
0.5565995220691293,0.32084264220914605,0.7787252212528224,0.5866389756760569,0.48716535356421764,1
0.6770537398772992,0.43418542141395045,0.1182193312336719,0.7936324548988235,0.6945734791363759,0
0.014118792217523102,0.5061874299529885,0.03600603992107232,0.6653381551291863,0.38369946516961095,0
0.02997989222563291,0.5022098365630501,0.8089201664313183,0.7433663611637488,0.3930887163869189,0
0.7541242734310369,0.8848509841993136,0.7097134544935154,0.17871579428686268,0.9726443399948822,1
0.15975905107523936,0.02577557425200283,0.533003734652481,0.9241898222846913,0.7869254867463882,0
0.3478576048991596,0.014925722578937872,0.6875047000273585,0.7698694332550783,0.1033187511229724,0
0.7618977918823753,0.7857474664721612,0.05871072792123422,0.26958267444080397,0.5487389750376753,0
0.5745558272448658,0.7907443390989177,0.3742542591279575,0.9619839830637156,0.5399773611743576,1
0.8124053646104317,0.7570508659032656,0.023470865577595923,0.23148991975681066,0.0071900994451409295,0
0.9591803247029308,0.4705871349313784,0.46402715579176645,0.8961645511215828,0.9804278910819574,1
0.6128798195312856,0.9526197660759216,0.7777835685850899,0.12074716858023249,0.9829776033637361,1
0.7030373453009534,0.42196383546863236,0.20034311086567502,0.15765382988750065,0.8780650477479333,0
0.5929323434152963,0.649683866425066,0.03235023420441974,0.15106654769817351,0.5433994280224206,0
0.781060598746816,0.6884762801235974,0.2563661210574114,0.7254963123791284,0.3364730784636334,1
0.5152311949639591,0.6350825385022097,0.7585073303808849,0.7759090023521692,0.46578230599729453,1
0.4999234516037293,0.6510913272757485,0.7195336800346355,0.7179764726580716,0.9493532940262758,1
0.5428865236548981,0.9479321402579544,0.5388198589377999,0.29696631521293737,0.45407678453192124,1
0.5410687422367568,0.6831801755917695,0.23267624643413143,0.3902737204216581,0.5298127776938737,0
0.23453265864790773,0.12892031781617108,0.16190113485587299,0.32796441491647665,0.01570647001815073,0
0.06750067879957511,0.6271673452014555,0.8674610950836436,0.8394047931509664,0.15129961805962255,1
0.010748208369963597,0.6663166709570116,0.6359486245618089,0.9563752187967308,0.7795374699693522,0
0.9918423502882808,0.508834440520681,0.13534481527109754,0.6310664094594219,0.8407637543735315,1
0.7994652487268901,0.8715840352780936,0.32289877133728173,0.9364806804161894,0.22040811881093791,1
0.4773416063003202,0.6687549485633381,0.5041211004551465,0.7517252514420657,0.15403329549703038,1
0.11450540797045083,0.31350208008909053,0.6034848978294353,0.5870633817090587,0.7706043194952947,0
0.4439518327409323,0.14511306665347912,0.7492413814855635,0.33041553307403704,0.5793510920854108,1
0.7637691660419393,0.22130867347586292,0.46777712494199875,0.8592216182855911,0.5957873529191063,1
0.16772977568931324,0.5739734635349879,0.18055332681305725,0.9364134280333162,0.03192481435318195,0
0.7897934381571421,0.4612272994253298,0.7141176430969814,0.8761296453643613,0.5434181503437582,1
0.9206967407304998,0.15262207876487965,0.4238148319186369,0.4387053160981639,0.8502304289286533,1
0.7082659843130387,0.6816467327306515,0.5552824384937362,0.12431168207807297,0.8183378555650609,1
0.6608318664873064,0.8973507289366757,0.9215145737911278,0.28419314593460276,0.7073711144715346,1
0.41961619369751246,0.6231653236449487,0.6467698589093676,0.5414437436741395,0.7193105462752867,1
0.007994621386366085,0.02251816767303072,0.6813753724801598,0.32521106923835463,0.1380460092919088,0
0.07737833209747236,0.034565004946369826,0.137465933964518,0.7845619218955001,0.08927177846579348,0
0.9236640314200212,0.8463337047030781,0.08857109677300234,0.7615909785626299,0.7603166564108975,1
0.6623887269364999,0.9279473244299414,0.8443790107219111,0.1594909975695853,0.29109922989486237,1
0.9607623585844945,0.7151915291211473,0.0301510525344012,0.25481107579076,0.24609743007696572,0
0.02606354870605687,0.5418994019380458,0.5380199148159356,0.2592562323046478,0.7993878895480175,0
0.26435666116673584,0.902338046482649,0.7694716277134971,0.8856701533490967,0.6991142682487664,1
0.06486971939487784,0.15468836404131414,0.9062646082928233,0.9258449060339169,0.6958591702783805,0
0.6819913066008502,0.13541919759373833,0.6215005994090833,0.6867029244811558,0.2731372258688288,1
0.02260036380250685,0.8780358117470459,0.6702357665610335,0.6365203411363523,0.5947388629191702,1
0.23127923287171404,0.6913984412782193,0.8309634538278214,0.012469385085088103,0.6857736799157818,1
0.062052661566762035,0.5145413064343306,0.9532708562632882,0.8453834887000492,0.6692671207734592,1
0.5475259011995643,0.37254750929528013,0.47103654856071464,0.5795153278938502,0.4832864480562534,0
0.1480044754868165,0.5788766761303588,0.9516821518154338,0.6519690085212622,0.7170877673424702,1
0.34499771140038016,0.6656797026545069,0.226344870426737,0.594800837343996,0.5553287657051993,0
0.8355317962407752,0.8627551276334656,0.6648721066918438,0.9626150211592646,0.41948265055979006,1
0.3845355132685191,0.2155030421948757,0.8604576990006015,0.2181391469488675,0.25135441858011554,1
0.6320839486637456,0.9843375737599698,0.7586184760467071,0.5624628315958052,0.24637944344218132,1
0.13540613322685202,0.06910217096894045,0.72743220815148,0.2290220607922434,0.7108599936738994,0
0.20778924969554025,0.7377012280837061,0.7022745557884598,0.0182317054527944,0.28600369357504596,1
0.8210441344949071,0.1711476692034709,0.17962562221776934,0.7107879756231194,0.6156653852717985,0
0.39468050150341016,0.6397414770186146,0.5535017878473169,0.19736368317026476,0.8308899488316848,1
0.296860539344143,0.3754684779535893,0.7399451122028808,0.04080694564392506,0.4390150417795883,0
0.03153029411833774,0.37733740964558216,0.021822519103145477,0.7611893609765203,0.7761191747172341,0
0.595464162320529,0.8771488816581854,0.2968123796321456,0.25852968334116155,0.5246769560866561,1
0.19009446909430716,0.7363743188739758,0.3479839058439539,0.6310967479186264,0.35387677145269725,0
0.9512333828946687,0.4838622866110571,0.7289804266042956,0.8919620676139888,0.9915614036892396,1
0.35296601048177656,0.5907872501229064,0.5405100423055895,0.34071616189003906,0.4329923674370183,0
0.14531072562712277,0.21124068123259798,0.22719990052824823,0.9877630573470628,0.6136991226887627,0
0.40343014883738226,0.7770046068219854,0.7575910294187046,0.9768982971421989,0.09717136938427617,1
0.6934297211573178,0.17310169232670258,0.5242697684445562,0.6449630505705172,0.04242578341602721,0
0.5861975152676618,0.503532036412779,0.6452918181089378,0.46121549029262665,0.9944943080152053,1
0.21167419729382586,0.0948208947758622,0.7347344883686572,0.8432136352615925,0.5165936454518937,0
0.3848906477967886,0.38694493961250165,0.7211333799843003,0.799521311609404,0.5748753409651045,1
0.5440648719658974,0.7533511608387176,0.9065944825810119,0.14072485220417508,0.15126913548446463,1
0.5351118972843135,0.9175367416283594,0.5167761571708526,0.9768851658537709,0.4961000630314293,1
0.7239555851373511,0.03202318139014493,0.32325378245534,0.6678288038721027,0.08362838136981487,0
0.5028172256373412,0.22256901501287207,0.7776365000895881,0.6215908347361796,0.1714068140494296,1
0.8397195860429858,0.420659505312483,0.816729520521083,0.36749647110469597,0.4909075650954454,1
0.04600869746863456,0.33060800907285803,0.029759888138613966,0.6021299232343958,0.5739023282510358,0
0.6686851102114605,0.8566730028597008,0.6895717862423903,0.5287471950862966,0.06587907396480941,1
0.9398788782308763,0.9008622005440965,0.977782669750643,0.04450741781279843,0.4238380793525208,1
0.9356621383802779,0.3490671685588591,0.4430073020143891,0.24293273732690834,0.612106277094051,1
0.13548952899719913,0.3529636569638145,0.437961485963168,0.5849435947169015,0.8484378939884601,0
0.29563190611849766,0.16978869556236487,0.2666067953932627,0.7391616128397915,0.5685685965613114,0
0.6772694545473045,0.6163142196251156,0.08803030608320916,0.690219344640689,0.10462287798800618,0
0.42944105306395863,0.45884944963295105,0.19776692387086414,0.4132449619301377,0.41779143857496515,0
0.8735153620702014,0.19380749166701816,0.03626942990872428,0.8543112063590524,0.43219067328423655,0
0.6483210347838011,0.27533409793422914,0.879375336701351,0.7061123328176439,0.5596940349898617,1
0.7875678718726261,0.7579114649301965,0.13602489107071913,0.9732930182636589,0.5254719917414429,1
0.6583876748091387,0.640210034860102,0.4890394569704901,0.44469853191988373,0.8174407850138609,1
0.24776522189759398,0.766051091143257,0.5351358763148542,0.7547857653841601,0.33586110663314406,0
0.9411925275959329,0.06691540930875894,0.7298623256182079,0.13797074112956698,0.5895665292365228,1
0.8174135682555863,0.019049325167827424,0.05963938515395051,0.3683884871785399,0.8457341871645255,0
0.44075286372677147,0.3101538426351258,0.0058815936374874145,0.48905212107584084,0.6835979134479416,0
0.8048285568486149,0.024829007921679525,0.46500796617396634,0.2973313257458676,0.7000683042677912,0
0.04915038394332372,0.3811619739941001,0.4718549331564479,0.9178811020933708,0.9241598983451992,0
0.5755530180100813,0.7026145689322738,0.2153980288110645,0.2348412211966744,0.8166696258660384,0
0.2159914094906622,0.23271952985991784,0.37596041846705497,0.4249598222162415,0.4852749874940767,0
0.26284928414976194,0.13687359949078637,0.5535006846125836,0.5750916546728321,0.4543392004477621,0
0.5919594196591903,0.5193084610393292,0.03711986689687374,0.6453659618550082,0.3762575071252041,0
0.349899878912902,0.10163372040171192,0.4355034024628066,0.18462433291627622,0.9562067009230008,0
0.18930992799538482,0.008197164036080395,0.387343574348182,0.7207360374638568,0.07148500501402966,0
0.7170741541705034,0.711381533159108,0.2648311166227346,0.9021332177560367,0.8268209472107148,1
0.3872833983365902,0.12970381664877795,0.9042443468941408,0.35796844859621024,0.35252198795768286,1
0.3152490673285204,0.4025124057227665,0.45347636385694823,0.47130636364983036,0.8422975382647073,0
0.6822909299768698,0.3944145669962934,0.7817073034907727,0.030182598117587944,0.4154270002884677,1
0.7993426760017945,0.18439235397754994,0.5792385245392945,0.13333846390133008,0.31712239778518825,1
0.38500816371168134,0.1169364523834292,0.32364494375235775,0.9565465209500134,0.5628983835574636,0
0.04679480040683337,0.23195662812958684,0.4000752571225752,0.7068140555128771,0.10929753688098298,0
0.08205638891202094,0.6987808869792403,0.5365359623241586,0.2387304597293869,0.24742594889636138,0
0.6389201798566466,0.4858022323014043,0.8018868897520789,0.10384773616541099,0.9580337504578146,1
0.8438357529320492,0.4050200155674334,0.8140553421926612,0.9629951564305645,0.9704929458597267,1
0.7767006276085412,0.41362583848989143,0.5852218769562668,0.692885365069709,0.34029982333264486,1
0.3036162311976143,0.26957310490474096,0.41654099144077983,0.7625945199448206,0.11756430308424337,0
0.5164177477862101,0.06251977266540698,0.3148906545593194,0.20722916558416338,0.7318176442288722,0
0.3803261506747839,0.11880988130886205,0.9313736307444904,0.022333719977928213,0.27598050192973067,1
0.5483253772212956,0.6744443612644778,0.14948535609057978,0.21709288027574092,0.14707133573378306,0
0.022565427392239323,0.7635244451640711,0.12036593246922078,0.31709022501243045,0.8518751243403841,0
0.33320310372172024,0.5531359345006127,0.7903001433870424,0.017762288220196876,0.9739949263880711,1
0.9690301382488311,0.3690316166532537,0.38878835999617356,0.5152124390299404,0.30362417058084534,1
0.050778399185827605,0.4370785806086147,0.17909996498390224,0.5622150958065176,0.6963462961248985,0
0.4538889904783521,0.12182248101739723,0.5864288551916581,0.531444798235908,0.48016564032302167,0
0.5547007698360786,0.6905189449828548,0.286709810997006,0.022319096781755365,0.31878648754959116,0
0.9081191207633258,0.9137460819212883,0.14017485121645434,0.8508727569421232,0.8191623113780468,1
0.7208737702126536,0.6539223662078832,0.9491466044865124,0.715804973166898,0.08940349693221028,1
0.9591585085655367,0.8539133352292966,0.7531868688538543,0.41602662008752533,0.18338832342258526,1
0.004491564558448902,0.3949235192860282,0.5799070524990724,0.18027882608965973,0.7739041299990065,0
0.03500658759031716,0.46743905793755913,0.8441097101523122,0.8935689370484172,0.7574711428518532,1
0.3874791089089691,0.5455698283311818,0.40937033798668887,0.883226235302053,0.1502408060985747,0
0.5660998657743893,0.8318122324759463,0.8587292432164791,0.7009598985805963,0.3789791103224672,1
0.2990136465866059,0.8826192416907107,0.7492686551239057,0.2846057495876152,0.29989156813653106,1
0.7688433050153938,0.1431026947936338,0.9199834099289841,0.31524815260603833,0.13912496068859204,1
0.12202054824402553,0.0641848666319137,0.5161293747841775,0.08337752323019376,0.4388529437058818,0
0.615989713173927,0.7943653302659155,0.43885237395480226,0.4414406694820254,0.658551763266351,1
0.8470240346271897,0.545411381189811,0.3208758651839363,0.1311843370569996,0.337119443774073,1
0.6462992246468102,0.8506312098510657,0.11773545080606296,0.19706106276975655,0.7559836054318994,0
0.2445722916324783,0.5818269487790206,0.7340619606671528,0.7449036294162329,0.4576613878811463,1
0.5018858030753686,0.2565674433622279,0.28509750056654837,0.49592400942769677,0.6812001796284677,0
0.47767253788323727,0.7933494772384267,0.004392610275923414,0.416214504425238,0.817551172305093,0
0.8504279558123209,0.417766783367693,0.8383708748318446,0.269108592902048,0.11495268981316409,1
0.7990039381703553,0.2139983450847719,0.7156050734143783,0.6684814168885057,0.016651189429610636,1
0.5084789343607127,0.9794303753145144,0.6970083021415286,0.028926343463962723,0.551331379309793,1
0.9889077876690199,0.06598917059237308,0.08444279676279076,0.7793497460821239,0.77637307045347,0
0.8097538513881081,0.11281109627501995,0.5918920733504768,0.75167023154508,0.902619315310328,1
0.917120027910836,0.7833236861834151,0.23562260499256515,0.8817019532583346,0.2411396181179959,1
0.1518357520337733,0.9801013465329232,0.45443636605214177,0.9144509504250907,0.015534347993939934,0
0.22737178314953777,0.8881019802102114,0.8549733169512879,0.8442989466240515,0.9240452190171073,1
0.20692611796153215,0.14570435698626294,0.09502837870296144,0.1005973750435315,0.9220767889656407,0
0.39327903232588557,0.6139630714291993,0.4546495744845085,0.7071834113924214,0.6447474199740251,0
0.25497531799197193,0.12695911454105235,0.4660716718417164,0.04623752419863858,0.038846137815893744,0
0.500436494439522,0.7712344412095761,0.34659766838141437,0.12474885902242039,0.4997519374978677,0
0.2439988617103459,0.6278464758611235,0.5539486787755099,0.6738735429219822,0.2928684015400742,0
0.16327023018363507,0.04945452462405464,0.6171091582950052,0.8353126692486117,0.12222525812592133,0
0.7263823395498886,0.5512355695470949,0.8167148312603749,0.2535599787715187,0.410303749881301,1
0.014594230653868334,0.2865248913334084,0.14725291993316525,0.9226647944499888,0.25023914660689894,0
0.2889344600182968,0.6899415382578177,0.6444674224263701,0.7260752164514619,0.6299270820153478,1
0.9377462101130525,0.30897699711515847,0.5263646743896312,0.6658378175437808,0.9171415394516746,1
0.2837816045861735,0.00200170786223397,0.6714820833441862,0.7779857640368555,0.4892741424898216,0
0.06716066371196672,0.7971332319780551,0.4235956084867901,0.5026124428668797,0.13645997324656178,0
0.5564295058743437,0.04368037409833281,0.9175786807134965,0.2684575352841716,0.6087619278477221,1
0.8600285752055818,0.1405369040055281,0.0397861985832757,0.052013380268481346,0.7982903548990655,0
0.6088940227621525,0.3312837238710694,0.5660008364049087,0.5826015852609109,0.028771783583695032,1
0.17964831922255953,0.030925982540763952,0.3871398908187027,0.3307386713630023,0.4183309730642598,0
0.19621592837671975,0.4193993391832527,0.2925866698066597,0.2715774723364164,0.7875156485521574,0
0.6748657988437036,0.42847975816862494,0.7466539040954795,0.5113702560179296,0.9231952635041638,1
0.5862633370179748,0.2981379922971972,0.5114522471109798,0.4039326648574172,0.2568922677756643,0
0.9233970566682402,0.8795381808391975,0.4563728988894743,0.06788761049374825,0.6828590063406645,1
0.43514095608048065,0.8630770293786786,0.17541825508011977,0.20841375458249956,0.7784887049240291,0
0.962172881043609,0.7248323836851988,0.26062169713358063,0.7800293168419714,0.6427952758084192,1
0.7220681885241635,0.5828304814547601,0.807328599347277,0.28303894695231,0.5138918674422325,1
0.6661742449550129,0.6322835026435446,0.02223985680578,0.2401271387974836,0.17377662590093423,0
0.8292310804771811,0.030171603692788707,0.19956422135739615,0.6083093190419849,0.49302013769993136,0
0.6069459430506607,0.7164953993228337,0.19208422942885106,0.4178482274830373,0.2156226879704939,0
0.7461295278612452,0.765897511198626,0.9016342956127066,0.28695052213023997,0.4070152098950137,1
0.6211511818852589,0.6937577776765567,0.4292854012919427,0.07904292706388072,0.4876618593683324,1
0.2321824385809368,0.331707677480513,0.41923096680605176,0.975595893275098,0.5210156050265514,0
0.44964012926908237,0.20745738827168625,0.5005921775497933,0.016988250998578924,0.04889595381761502,0
0.49543142103451154,0.22113308479050242,0.7801177363532237,0.4099922479779897,0.3778924411423038,1
0.38288673786714233,0.4599282300262395,0.3093818637267701,0.7754032496561369,0.3254900720858077,0
0.7592226365977586,0.4366082485399896,0.9652950487141994,0.9329742442276698,0.8029149875700339,1
0.6636094666734778,0.19368093057641222,0.3935370291310464,0.6558715160493616,0.8985807587290414,0
0.6396457338098063,0.19504116571141705,0.31124706296562765,0.5866192028589883,0.9697841024993924,0
0.6459067987286502,0.6681086429345876,0.16793961916041533,0.2518541573497204,0.9550385052321984,0
0.7470865457394938,0.6813209253008078,0.011063012559515584,0.6895610956112779,0.41054266728865874,0
0.6489543818417446,0.6001097200581132,0.9679793361376698,0.17635270805960823,0.9891382357624243,1
0.7036199672166958,0.13689525824037518,0.020281002360623357,0.6524448416325269,0.12089031388355398,0
0.20952157850117492,0.5704977770997686,0.5509517713142347,0.2835391053491826,0.5871879070935797,0
0.6849023055700436,0.05587245021016074,0.5227647940101242,0.8349740626407796,0.5335739057006168,0
0.22152914867669693,0.3756615725675696,0.2892487947536597,0.13824334699970986,0.44947585243319477,0
0.23367490101283617,0.8326287077370008,0.7801442140458552,0.9344166653367575,0.08474094915343056,1
0.704710043524654,0.6670804738793568,0.7721888807369482,0.15889984082195385,0.9578776397939496,1
0.5136878121402983,0.7331042422039586,0.338809244989979,0.17665960937504332,0.9346183480903588,0
0.2850796773216999,0.9725023279841682,0.9132940715213336,0.3953534024053499,0.4763471003987707,1
0.953114489655218,0.35545441309476933,0.33072619605957243,0.5797401981224485,0.8935403350325561,1
0.6876834871770788,0.4951532967080007,0.11407112633890104,0.6190774380350001,0.9292238159510724,0
0.9831385108368446,0.4108709584989698,0.929586231916335,0.4432557931077613,0.6175191703468577,1
0.4706912007950055,0.4264198700080114,0.8641396847940761,0.7391589281029641,0.2687735112610692,1
0.20621115123650124,0.359369983359351,0.3511333459680751,0.4693065713485929,0.03492907845879645,0
0.4509064888435804,0.633387658765839,0.14871123229332517,0.3403688429832331,0.20580943082243575,0
0.09347170389257875,0.5378693169986307,0.6382571091384139,0.4885253101075867,0.8363475708306221,0
0.9601661722193969,0.07449400394549044,0.671242199780135,0.988704657270373,0.44389999635876665,1
0.05784200240943982,0.3384809201042398,0.770174885120766,0.6210484310561087,0.5908904687240567,0
0.5050782617340762,0.1297262298197327,0.33909161588056036,0.6815077309244076,0.9627396755544564,0
0.4257268695420109,0.8348877527985248,0.7944690640853579,0.30038785828283854,0.9330490222462128,1
0.481510118415468,0.3877291902495279,0.5026042833195128,0.38304522368834104,0.2968442924014122,0
0.6319412911645605,0.4842464917727024,0.9019230883664662,0.5969678392202635,0.02812083111200636,1
0.5992187718508203,0.6560879308740253,0.22709250681631232,0.18127191284178268,0.4226627394233051,0
0.31330198959264643,0.11981555795501986,0.7657974914959126,0.5255900842811769,0.7996167034477053,0
0.7493503547136166,0.9733076943839069,0.6772899683198604,0.3288978046921235,0.6361957036817046,1
0.09854683950237741,0.133249235287753,0.348362914964512,0.1288975968483621,0.48921645924276747,0
0.13378795064950044,0.7858636915241304,0.457682741398318,0.7768793466939846,0.2811238382050598,0
0.7642765241661574,0.9439239829701744,0.7685928142333457,0.8997716897240309,0.6798777931108857,1
0.650310650763276,0.18348457098205906,0.14740726257982817,0.8893443542376435,0.4406915334357583,0
0.21450399715129842,0.011204621317941421,0.6943354147628541,0.3461212002572963,0.3297411864678931,0
0.7110700021360691,0.594754175245024,0.7356540007106569,0.200354744267502,0.7089537867538466,1
0.6276701318915103,0.14855099813739292,0.6415523604228701,0.656531421872934,0.23146526196790462,1
0.27760226431230917,0.7093271744064303,0.17117187322716132,0.759616247393249,0.7152384435415908,0
0.8100554249994186,0.5122730701709023,0.05150063531407956,0.46759121751198884,0.7864654376455509,0
0.21406234314849582,0.9993783358233749,0.4400583375175069,0.7616578923587036,0.4244449698763978,0
0.2824283706352262,0.7436137659901906,0.23466539990050372,0.27389395365558433,4.5969494697817304e-05,0
0.17410197022098584,0.2989155985494585,0.2984580987633494,0.23921311646508303,0.6410938085200206,0
0.36366054767476474,0.665690916073785,0.45100905185087425,0.9944537354336108,0.5120350997112415,0
0.25598824610744075,0.823345668276979,0.28730723256736357,0.1529577880093751,0.393095432364191,0
0.6087374216138117,0.6100116798390439,0.5228816794113275,0.8448763337921493,0.6256078297968299,1
0.8738507842886652,0.8626488095011413,0.14272446247434678,0.03873854039371738,0.24326501231332975,1
0.06767287910771957,0.27459458865822406,0.07676866878414434,0.3936488896121846,0.44578210159737686,0
0.06669477108631328,0.3498244194933141,0.9714239838705304,0.046411639994237586,0.002071198034520494,0
0.7052584996245546,0.6476190774052902,0.4825387831725366,0.44007993091856945,0.8261287967255236,1
0.928101617427943,0.573513935194662,0.05777515406901046,0.9393475440600384,0.39701551517991396,0
0.211672716083238,0.0002895897068129205,0.6630391513175492,0.5781274885347975,0.35162453113482306,0
0.3373304225761753,0.9562681523591677,0.3673020804883079,0.8364311894058966,0.3140025221532792,0
0.30113958402739716,0.49757269608830446,0.3903167083975402,0.032854605219482025,0.7118454495585523,0
0.5030746418244371,0.8684383755488616,0.9425735638043197,0.33041930895349947,0.3529381130896738,1
0.5328345491377643,0.270276117580602,0.40207695286495615,0.6333511040562637,0.9377374594965844,0
0.17707347590636335,0.7908735917003881,0.8358532868958444,0.4943627080817611,0.38147531538053414,1
0.5240736924040064,0.6463671630150807,0.6850972338321557,0.37527521880980796,0.5451231012545666,1
0.7509611003827371,0.7996572646203968,0.3168746627395568,0.2767282069965661,0.6853144630806046,1
0.13106649073448684,0.30984335068122093,0.931017719811692,0.8262343935669701,0.6356858376610337,1
0.9019321954195393,0.2958814763980079,0.8453367092213748,0.3617496749759437,0.4492328380316707,1
0.9192186264017566,0.9276338100383213,0.7960489285237071,0.06852730506024363,0.6309083953203515,1
0.28131125229519394,0.34821015445890735,0.838162114050445,0.8715858073287127,0.9569795966206025,1
0.6490386752163361,0.3864755074727956,0.30082923408738504,0.1172430996577779,0.09664133974028677,0
0.6731731394807243,0.040473561906701594,0.25061936831302156,0.6170332178591722,0.8254541490119187,0
0.17295302413606406,0.8292720636093457,0.2649258437462486,0.7802226191658708,0.761694046193507,0
0.5997386586650384,0.16877463509629897,0.991602369153355,0.30946388481469056,0.24659958359261402,1
0.6663643494374212,0.3200971942983508,0.5533995223281885,0.11754785821941827,0.6279977421788191,1
0.6543766804712114,0.9763814108279326,0.9468440858063987,0.6885592496894742,0.44077667339399107,1
0.5462362789035671,0.6291501420765437,0.6650389273440905,0.011770776135118788,0.5160946479186357,1
0.9560178207378691,0.9336720516551127,0.8322700047778205,0.6097512703096312,0.9813735048643488,1
0.12394188012146046,0.12166690876487785,0.38663344327878413,0.06914898276442671,0.2976198190327084,0
0.0649590078292861,0.38375578213664663,0.37471294139631806,0.7219793509756802,0.9274386996453124,0
0.18197959534464614,0.2027986714133716,0.4176241557461624,0.8062051173410513,0.16486322415114985,0
0.7651333487383678,0.3468644378426047,0.7679037409874986,0.5432660212965817,0.04924627360369638,1
0.9509430702315106,0.8148525332676051,0.0013744277163221241,0.5503886349842557,0.17837067540760898,0
0.8448124731447202,0.5836712545757169,0.20934640613268873,0.9860304339433652,0.725902199481098,1
0.6770455375530436,0.26719629429506264,0.05665971629889632,0.864890659005972,0.4545508526232792,0
0.2480958169176346,0.6457634772299782,0.26056867443245113,0.8252854989789978,0.7599206231812163,0
0.9131728837848182,0.7355561298336766,0.9242728675227537,0.4808639227873177,0.03432262347028281,1
0.6818537729810666,0.7236222678484355,0.0465780741111127,0.2897785481398769,0.610525580638662,0
0.45139489127138743,0.6768314700646462,0.5656386035595306,0.6115797628060448,0.2512136239224365,1
0.7840571128990051,0.9382113174153753,0.7490034184757852,0.012045451147031039,0.3580716944759512,1
0.7829542917619216,0.0659272499920115,0.07483218481073228,0.599618673381643,0.608644169170152,0
0.7039704895626658,0.10933035558214022,0.36628617300808897,0.09570881205978721,0.6556384508710876,0
0.22426483589713808,0.8493538271908982,0.5132166953137466,0.07386206018873809,0.06393995738794622,0
0.7156081775661549,0.2596344574667149,0.8447785848228181,0.019622538381379395,0.25178007456274665,1
0.6732426862781187,0.7417230063195968,0.9716728260479032,0.47372520509438343,0.5850048925502648,1
0.633773378518041,0.2646480412554246,0.19737689211985798,0.9005003053246371,0.03129907645399066,0
0.5339713817474759,0.7058207105733518,0.7809950090373298,0.35865701257754223,0.27725561463733794,1
0.39623868443586197,0.10782097841737148,0.04696841670855445,0.6411961140507157,0.6313282688807377,0
0.8389462543291109,0.9583787565905494,0.02712334264635552,0.4677587547555935,0.8865253204181736,1
0.44395341656039344,0.141820762237868,0.5751262335904972,0.7290413116348233,0.20793072236378163,0
0.9560760831403323,0.32598797773641475,0.6920938108370667,0.8779936123109849,0.8002521309744206,1
0.9176278255318663,0.2110804328394733,0.07848287290119005,0.27672649890948264,0.6597579924855026,0
0.25227726844913567,0.5767561902484483,0.9751562250907896,0.5878301159250711,0.2874621901501089,1
0.5674186538657576,0.485265502059681,0.9948373976385022,0.9016907814180726,0.11695360048575854,1
0.9866686202845703,0.3816679176920301,0.36360521102407206,0.7338912797134034,0.04914469385535969,1
0.25732865634543334,0.04786002255159294,0.9492434580960244,0.19018519920357313,0.9338630234147379,1
0.21412746492251877,0.4761159557037087,0.809440491873086,0.8687613108285122,0.9429227629117933,1
0.03341710268182296,0.1479587628268878,0.4184502683892305,0.6957465738792359,0.08842033533259064,0
0.9083377102445624,0.12469142043478498,0.538935242025816,0.0803137858843962,0.9256194278160403,1
0.6548619351935883,0.6035451020425087,0.8823102342318762,0.7003981164696612,0.503289476309111,1
0.34534388518821335,0.9439086134715485,0.9910011615036747,0.8099009800214028,0.5627986705814418,1
0.6314629673597237,0.30359093295388073,0.12464313948593986,0.8966796235623419,0.7338118104205001,0
0.9647177709882563,0.9342195065421387,0.25289125368031606,0.8729419567505162,0.5897235066724874,1
0.41571625613062746,0.4299971057219252,0.9148492073486233,0.9433609233536473,0.05396081333768077,1
0.02939403773242999,0.8137056846278223,0.33885134369043424,0.6380064772766818,0.7238440687876047,0
0.40169676967949997,0.28329043889778605,0.7555748944168088,0.03979626595546282,0.7713959603134728,1
0.8739926467129844,0.46260824622930696,0.6371716538983405,0.26018438616497463,0.259081693318848,1
0.1781880210364687,0.25624266857023126,0.11377793146486759,0.2781602619180956,0.271168258043773,0
0.4700124200629313,0.8657290062162142,0.7815453380002406,0.0099225413348627,0.06081726253593123,1
0.7366565984189588,0.41445385959545444,0.36222618980645693,0.8553730243656181,0.6896561724437814,1
0.04358511524098774,0.7205152113077495,0.5543493074531078,0.5410635230551744,0.11516973301098521,0
0.30540235662824755,0.23137732946307443,0.8961968372155582,0.8924186834968398,0.06825242899699302,1
0.3591332438836137,0.993859254508582,0.8036006938024328,0.3665060617673781,0.6939961022991821,1
0.8655927476149015,0.729375121360723,0.4365111465420859,0.7765957157649762,0.23626526950240412,1
0.31718069743164023,0.3792491721635024,0.6623300252009476,0.02727127380835881,0.8279122803229706,0
0.9322894212211076,0.8630225289023581,0.18784741910316338,0.708149369381811,0.1565080113972226,1
0.5796231707953498,0.7490315261217018,0.7041184205074114,0.9605899060395019,0.9398640858254049,1
0.04642455815944746,0.5709107284334407,0.4143822172400271,0.25916162677210974,0.7662769733587916,0
0.535520994687478,0.5219614762885454,0.9261536683134238,0.8324605434984861,0.8368437245072176,1
0.7938165459402788,0.005721871332440398,0.7715074065819664,0.13033380775245973,0.6702134969167314,1
0.9903647702166132,0.3226160429533389,0.6201484384360543,0.8122586981952598,0.8892785606343786,1
0.501980024263184,0.5677984578486511,0.8617375921398323,0.7309125715555107,0.8383612958329038,1
0.7623975515042168,0.11449397906829928,0.46284978717038716,0.43848260106255443,0.6958816621268646,0
0.12254374864280826,0.7658536472942135,0.41648764160879526,0.16886823878500223,0.985944814158319,0
0.2915111741506089,0.9274009300950036,0.23650927695771484,0.4786734699147974,0.17747968538283843,0
0.2762189989594793,0.4006635905312498,0.47846812477789025,0.10553757073437697,0.5072335377237411,0
0.44106267728280313,0.15763960239482233,0.36222522065316454,0.1293378027830322,0.4848134455516172,0
0.8512287160316938,0.0797786520579864,0.21051000137541254,0.23169820416308784,0.7511865330204408,0
0.7073585331741825,0.7444678061637027,0.7372633718310341,0.6300142204814324,0.38695854753769066,1
0.9814352445217505,0.37085741184268317,0.563161816237265,0.35044691991987875,0.20431745459949457,1
0.5110579787366605,0.6372220520362151,0.35612715444518295,0.32620267710824047,0.5699892044436955,0
0.522041513766456,0.39787432228528463,0.5636714487739944,0.4678463448849296,0.6691338313675105,1
0.262293433318589,0.1431859706178562,0.4660654793017951,0.9869278300496983,0.835791386799668,0
0.03840105472516364,0.6699105953708361,0.814655847343746,0.1392979040065062,0.15438329131773132,0
0.10908983687014129,0.9998271051347786,0.018340473078743313,0.44875088457187773,0.4590895861219506,0
0.4849138526867751,0.9871239212228845,0.11053972686575719,0.12124646927603133,0.905688901757077,0
0.08085247557041053,0.7606075661971534,0.8729415736552673,0.47814587892946636,0.7572916109987926,1
0.26738508796131255,0.9273344255347211,0.6876464396232762,0.2683545366473983,0.002539925665873577,1
0.16652370570717434,0.08255323555742955,0.2669072399575281,0.4795602656836656,0.2390771618063513,0
0.4749125971193665,0.18187997479121987,0.3834971347493147,0.8044450502371704,0.23839218795128214,0
0.26995427389494386,0.6982110633173603,0.5908313527059769,0.259895551601118,0.23141877892199614,0
0.4489517898939387,0.8014977531593473,0.761511676847518,0.718305752342127,0.5105444781313565,1
0.26526889162970047,0.015645526382031427,0.12477812929605758,0.6496222807355522,0.16193304481937298,0
0.38239564917419877,0.7472559045804457,0.5638410596081276,0.108365439237878,0.11802039382277085,1
0.6637334504371204,0.28174155455075567,0.7964067241994796,0.4308463454933499,0.17056453891851653,1
0.7126243631792335,0.36475675370060356,0.5343773375119159,0.4895729602299802,0.5667135699116224,1
0.14523209837155804,0.08844212298798637,0.7576527834443402,0.1282637631517669,0.08911958555395427,0
0.2420568804097083,0.8655526790152859,0.3616871600967334,0.7424474358600589,0.6008662944350204,0
0.463918062733813,0.7400902442264148,0.1957562068792814,0.7171257091264122,0.3187802569798813,0
0.2010375989095886,0.22986717738940854,0.5995689250069295,0.4503898019013248,0.4316123592885851,0
0.5820849238262533,0.16349967653464814,0.5039956069206258,0.9795138420559182,0.6475464946564485,0
0.8228820148089119,0.2181674540970282,0.48189104836700813,0.8391192377977821,0.15156760482670983,1
0.3947116329421392,0.9282371207781215,0.6695007504413047,0.8609492792833526,0.9770023820385689,1
0.07652025261302964,0.01934569786410134,0.5392000929525709,0.2559352110457157,0.8429606974519086,0
0.005263276006169271,0.5099894784759063,0.3298240864601315,0.7184284517057498,0.7402987268030079,0
0.622340803705446,0.4051084472848625,0.8321230813082643,0.9093069991193256,0.06848330502541022,1
0.3055320636760601,0.09818744891648545,0.3450060924851296,0.23102794799910964,0.4290124185657117,0
0.9998536021027739,0.05537320052253558,0.048806127128243504,0.18485280309738017,0.5965804549735965,0
